<?xml version='1.0' encoding='UTF-8'?>
<hudson.plugins.disk__usage.ProjectDiskUsage plugin="disk-usage@0.28">
  <diskUsageWithoutBuilds>0</diskUsageWithoutBuilds>
  <slaveWorkspacesUsage class="concurrent-hash-map">
    <entry>
      <string></string>
      <concurrent-hash-map>
        <entry>
          <string>/var/lib/jenkins/workspace/wplex-garagem-mvn-deploy-AWS</string>
          <long>86401629</long>
        </entry>
      </concurrent-hash-map>
    </entry>
  </slaveWorkspacesUsage>
  <buildDiskUsage class="java.util.concurrent.CopyOnWriteArraySet">
    <hudson.plugins.disk__usage.DiskUsageBuildInformation>
      <id>12</id>
      <timestamp>1509999970553</timestamp>
      <number>12</number>
      <size>0</size>
    </hudson.plugins.disk__usage.DiskUsageBuildInformation>
    <hudson.plugins.disk__usage.DiskUsageBuildInformation>
      <id>11</id>
      <timestamp>1509999855547</timestamp>
      <number>11</number>
      <size>0</size>
    </hudson.plugins.disk__usage.DiskUsageBuildInformation>
    <hudson.plugins.disk__usage.DiskUsageBuildInformation>
      <id>13</id>
      <timestamp>1510001208407</timestamp>
      <number>13</number>
      <size>13743</size>
    </hudson.plugins.disk__usage.DiskUsageBuildInformation>
    <hudson.plugins.disk__usage.DiskUsageBuildInformation>
      <id>14</id>
      <timestamp>1510060230588</timestamp>
      <number>14</number>
      <size>12744</size>
    </hudson.plugins.disk__usage.DiskUsageBuildInformation>
    <hudson.plugins.disk__usage.DiskUsageBuildInformation>
      <id>15</id>
      <timestamp>1510060410595</timestamp>
      <number>15</number>
      <size>12717</size>
    </hudson.plugins.disk__usage.DiskUsageBuildInformation>
    <hudson.plugins.disk__usage.DiskUsageBuildInformation>
      <id>16</id>
      <timestamp>1510061390188</timestamp>
      <number>16</number>
      <size>12716</size>
    </hudson.plugins.disk__usage.DiskUsageBuildInformation>
    <hudson.plugins.disk__usage.DiskUsageBuildInformation>
      <id>17</id>
      <timestamp>1510062680258</timestamp>
      <number>17</number>
      <size>12716</size>
    </hudson.plugins.disk__usage.DiskUsageBuildInformation>
    <hudson.plugins.disk__usage.DiskUsageBuildInformation>
      <id>18</id>
      <timestamp>1510063035273</timestamp>
      <number>18</number>
      <size>12718</size>
    </hudson.plugins.disk__usage.DiskUsageBuildInformation>
    <hudson.plugins.disk__usage.DiskUsageBuildInformation>
      <id>19</id>
      <timestamp>1510063160280</timestamp>
      <number>19</number>
      <size>12719</size>
    </hudson.plugins.disk__usage.DiskUsageBuildInformation>
    <hudson.plugins.disk__usage.DiskUsageBuildInformation>
      <id>20</id>
      <timestamp>1510063485299</timestamp>
      <number>20</number>
      <size>12718</size>
    </hudson.plugins.disk__usage.DiskUsageBuildInformation>
    <hudson.plugins.disk__usage.DiskUsageBuildInformation>
      <id>21</id>
      <timestamp>1510072239509</timestamp>
      <number>21</number>
      <size>13740</size>
    </hudson.plugins.disk__usage.DiskUsageBuildInformation>
    <hudson.plugins.disk__usage.DiskUsageBuildInformation>
      <id>22</id>
      <timestamp>1510072409520</timestamp>
      <number>22</number>
      <size>12716</size>
    </hudson.plugins.disk__usage.DiskUsageBuildInformation>
    <hudson.plugins.disk__usage.DiskUsageBuildInformation>
      <id>23</id>
      <timestamp>1510072519604</timestamp>
      <number>23</number>
      <size>12716</size>
    </hudson.plugins.disk__usage.DiskUsageBuildInformation>
    <hudson.plugins.disk__usage.DiskUsageBuildInformation>
      <id>24</id>
      <timestamp>1510080288529</timestamp>
      <number>24</number>
      <size>0</size>
    </hudson.plugins.disk__usage.DiskUsageBuildInformation>
    <hudson.plugins.disk__usage.DiskUsageBuildInformation>
      <id>25</id>
      <timestamp>1510169567375</timestamp>
      <number>25</number>
      <size>13193</size>
    </hudson.plugins.disk__usage.DiskUsageBuildInformation>
  </buildDiskUsage>
  <allBuildsLoaded>false</allBuildsLoaded>
</hudson.plugins.disk__usage.ProjectDiskUsage>