<?xml version='1.0' encoding='UTF-8'?>
<hudson.plugins.disk__usage.ProjectDiskUsage plugin="disk-usage@0.28">
  <diskUsageWithoutBuilds>0</diskUsageWithoutBuilds>
  <slaveWorkspacesUsage class="concurrent-hash-map">
    <entry>
      <string></string>
      <concurrent-hash-map>
        <entry>
          <string>/var/lib/jenkins/workspace/git-jenkins-backup</string>
          <long>2</long>
        </entry>
      </concurrent-hash-map>
    </entry>
  </slaveWorkspacesUsage>
  <buildDiskUsage class="java.util.concurrent.CopyOnWriteArraySet">
    <hudson.plugins.disk__usage.DiskUsageBuildInformation>
      <id>1</id>
      <timestamp>1510154977116</timestamp>
      <number>1</number>
      <size>2265</size>
    </hudson.plugins.disk__usage.DiskUsageBuildInformation>
    <hudson.plugins.disk__usage.DiskUsageBuildInformation>
      <id>2</id>
      <timestamp>1510155081430</timestamp>
      <number>2</number>
      <size>1905</size>
    </hudson.plugins.disk__usage.DiskUsageBuildInformation>
    <hudson.plugins.disk__usage.DiskUsageBuildInformation>
      <id>3</id>
      <timestamp>1510155105882</timestamp>
      <number>3</number>
      <size>1873</size>
    </hudson.plugins.disk__usage.DiskUsageBuildInformation>
    <hudson.plugins.disk__usage.DiskUsageBuildInformation>
      <id>4</id>
      <timestamp>1510155231199</timestamp>
      <number>4</number>
      <size>2263</size>
    </hudson.plugins.disk__usage.DiskUsageBuildInformation>
    <hudson.plugins.disk__usage.DiskUsageBuildInformation>
      <id>5</id>
      <timestamp>1510155343576</timestamp>
      <number>5</number>
      <size>2252</size>
    </hudson.plugins.disk__usage.DiskUsageBuildInformation>
    <hudson.plugins.disk__usage.DiskUsageBuildInformation>
      <id>6</id>
      <timestamp>1510155410136</timestamp>
      <number>6</number>
      <size>2430</size>
    </hudson.plugins.disk__usage.DiskUsageBuildInformation>
    <hudson.plugins.disk__usage.DiskUsageBuildInformation>
      <id>7</id>
      <timestamp>1510155478560</timestamp>
      <number>7</number>
      <size>2529</size>
    </hudson.plugins.disk__usage.DiskUsageBuildInformation>
    <hudson.plugins.disk__usage.DiskUsageBuildInformation>
      <id>8</id>
      <timestamp>1510155541703</timestamp>
      <number>8</number>
      <size>3040</size>
    </hudson.plugins.disk__usage.DiskUsageBuildInformation>
    <hudson.plugins.disk__usage.DiskUsageBuildInformation>
      <id>9</id>
      <timestamp>1510157423374</timestamp>
      <number>9</number>
      <size>2617</size>
    </hudson.plugins.disk__usage.DiskUsageBuildInformation>
    <hudson.plugins.disk__usage.DiskUsageBuildInformation>
      <id>10</id>
      <timestamp>1510157494877</timestamp>
      <number>10</number>
      <size>2557</size>
    </hudson.plugins.disk__usage.DiskUsageBuildInformation>
    <hudson.plugins.disk__usage.DiskUsageBuildInformation>
      <id>11</id>
      <timestamp>1510157505559</timestamp>
      <number>11</number>
      <size>2557</size>
    </hudson.plugins.disk__usage.DiskUsageBuildInformation>
    <hudson.plugins.disk__usage.DiskUsageBuildInformation>
      <id>12</id>
      <timestamp>1510158034367</timestamp>
      <number>12</number>
      <size>1980</size>
    </hudson.plugins.disk__usage.DiskUsageBuildInformation>
    <hudson.plugins.disk__usage.DiskUsageBuildInformation>
      <id>13</id>
      <timestamp>1510158123280</timestamp>
      <number>13</number>
      <size>1991</size>
    </hudson.plugins.disk__usage.DiskUsageBuildInformation>
    <hudson.plugins.disk__usage.DiskUsageBuildInformation>
      <id>14</id>
      <timestamp>1510158220670</timestamp>
      <number>14</number>
      <size>2240</size>
    </hudson.plugins.disk__usage.DiskUsageBuildInformation>
    <hudson.plugins.disk__usage.DiskUsageBuildInformation>
      <id>15</id>
      <timestamp>1510158237269</timestamp>
      <number>15</number>
      <size>2240</size>
    </hudson.plugins.disk__usage.DiskUsageBuildInformation>
    <hudson.plugins.disk__usage.DiskUsageBuildInformation>
      <id>16</id>
      <timestamp>1510158266750</timestamp>
      <number>16</number>
      <size>2147</size>
    </hudson.plugins.disk__usage.DiskUsageBuildInformation>
    <hudson.plugins.disk__usage.DiskUsageBuildInformation>
      <id>17</id>
      <timestamp>1510158660385</timestamp>
      <number>17</number>
      <size>80555</size>
    </hudson.plugins.disk__usage.DiskUsageBuildInformation>
    <hudson.plugins.disk__usage.DiskUsageBuildInformation>
      <id>18</id>
      <timestamp>1510158960384</timestamp>
      <number>18</number>
      <size>80554</size>
    </hudson.plugins.disk__usage.DiskUsageBuildInformation>
    <hudson.plugins.disk__usage.DiskUsageBuildInformation>
      <id>19</id>
      <timestamp>1510159260384</timestamp>
      <number>19</number>
      <size>80555</size>
    </hudson.plugins.disk__usage.DiskUsageBuildInformation>
    <hudson.plugins.disk__usage.DiskUsageBuildInformation>
      <id>20</id>
      <timestamp>1510159560384</timestamp>
      <number>20</number>
      <size>80555</size>
    </hudson.plugins.disk__usage.DiskUsageBuildInformation>
    <hudson.plugins.disk__usage.DiskUsageBuildInformation>
      <id>21</id>
      <timestamp>1510159860384</timestamp>
      <number>21</number>
      <size>80555</size>
    </hudson.plugins.disk__usage.DiskUsageBuildInformation>
    <hudson.plugins.disk__usage.DiskUsageBuildInformation>
      <id>22</id>
      <timestamp>1510160160384</timestamp>
      <number>22</number>
      <size>80555</size>
    </hudson.plugins.disk__usage.DiskUsageBuildInformation>
    <hudson.plugins.disk__usage.DiskUsageBuildInformation>
      <id>23</id>
      <timestamp>1510160460384</timestamp>
      <number>23</number>
      <size>1809</size>
    </hudson.plugins.disk__usage.DiskUsageBuildInformation>
    <hudson.plugins.disk__usage.DiskUsageBuildInformation>
      <id>24</id>
      <timestamp>1510160760384</timestamp>
      <number>24</number>
      <size>80555</size>
    </hudson.plugins.disk__usage.DiskUsageBuildInformation>
    <hudson.plugins.disk__usage.DiskUsageBuildInformation>
      <id>25</id>
      <timestamp>1510161060385</timestamp>
      <number>25</number>
      <size>80555</size>
    </hudson.plugins.disk__usage.DiskUsageBuildInformation>
    <hudson.plugins.disk__usage.DiskUsageBuildInformation>
      <id>26</id>
      <timestamp>1510161360384</timestamp>
      <number>26</number>
      <size>80555</size>
    </hudson.plugins.disk__usage.DiskUsageBuildInformation>
    <hudson.plugins.disk__usage.DiskUsageBuildInformation>
      <id>27</id>
      <timestamp>1510161660384</timestamp>
      <number>27</number>
      <size>80555</size>
    </hudson.plugins.disk__usage.DiskUsageBuildInformation>
    <hudson.plugins.disk__usage.DiskUsageBuildInformation>
      <id>28</id>
      <timestamp>1510161960384</timestamp>
      <number>28</number>
      <size>80555</size>
    </hudson.plugins.disk__usage.DiskUsageBuildInformation>
    <hudson.plugins.disk__usage.DiskUsageBuildInformation>
      <id>29</id>
      <timestamp>1510162260384</timestamp>
      <number>29</number>
      <size>80555</size>
    </hudson.plugins.disk__usage.DiskUsageBuildInformation>
    <hudson.plugins.disk__usage.DiskUsageBuildInformation>
      <id>30</id>
      <timestamp>1510162560417</timestamp>
      <number>30</number>
      <size>80555</size>
    </hudson.plugins.disk__usage.DiskUsageBuildInformation>
    <hudson.plugins.disk__usage.DiskUsageBuildInformation>
      <id>31</id>
      <timestamp>1510162860384</timestamp>
      <number>31</number>
      <size>80555</size>
    </hudson.plugins.disk__usage.DiskUsageBuildInformation>
    <hudson.plugins.disk__usage.DiskUsageBuildInformation>
      <id>32</id>
      <timestamp>1510163160384</timestamp>
      <number>32</number>
      <size>80554</size>
    </hudson.plugins.disk__usage.DiskUsageBuildInformation>
    <hudson.plugins.disk__usage.DiskUsageBuildInformation>
      <id>33</id>
      <timestamp>1510163460385</timestamp>
      <number>33</number>
      <size>80555</size>
    </hudson.plugins.disk__usage.DiskUsageBuildInformation>
    <hudson.plugins.disk__usage.DiskUsageBuildInformation>
      <id>34</id>
      <timestamp>1510163760385</timestamp>
      <number>34</number>
      <size>80555</size>
    </hudson.plugins.disk__usage.DiskUsageBuildInformation>
    <hudson.plugins.disk__usage.DiskUsageBuildInformation>
      <id>35</id>
      <timestamp>1510164060384</timestamp>
      <number>35</number>
      <size>1809</size>
    </hudson.plugins.disk__usage.DiskUsageBuildInformation>
    <hudson.plugins.disk__usage.DiskUsageBuildInformation>
      <id>36</id>
      <timestamp>1510164360385</timestamp>
      <number>36</number>
      <size>81069</size>
    </hudson.plugins.disk__usage.DiskUsageBuildInformation>
    <hudson.plugins.disk__usage.DiskUsageBuildInformation>
      <id>37</id>
      <timestamp>1510164660383</timestamp>
      <number>37</number>
      <size>81070</size>
    </hudson.plugins.disk__usage.DiskUsageBuildInformation>
    <hudson.plugins.disk__usage.DiskUsageBuildInformation>
      <id>38</id>
      <timestamp>1510164960384</timestamp>
      <number>38</number>
      <size>81070</size>
    </hudson.plugins.disk__usage.DiskUsageBuildInformation>
    <hudson.plugins.disk__usage.DiskUsageBuildInformation>
      <id>39</id>
      <timestamp>1510165260384</timestamp>
      <number>39</number>
      <size>81070</size>
    </hudson.plugins.disk__usage.DiskUsageBuildInformation>
    <hudson.plugins.disk__usage.DiskUsageBuildInformation>
      <id>40</id>
      <timestamp>1510165560384</timestamp>
      <number>40</number>
      <size>81070</size>
    </hudson.plugins.disk__usage.DiskUsageBuildInformation>
    <hudson.plugins.disk__usage.DiskUsageBuildInformation>
      <id>41</id>
      <timestamp>1510165860384</timestamp>
      <number>41</number>
      <size>81070</size>
    </hudson.plugins.disk__usage.DiskUsageBuildInformation>
    <hudson.plugins.disk__usage.DiskUsageBuildInformation>
      <id>42</id>
      <timestamp>1510166160384</timestamp>
      <number>42</number>
      <size>81070</size>
    </hudson.plugins.disk__usage.DiskUsageBuildInformation>
    <hudson.plugins.disk__usage.DiskUsageBuildInformation>
      <id>43</id>
      <timestamp>1510166460384</timestamp>
      <number>43</number>
      <size>81070</size>
    </hudson.plugins.disk__usage.DiskUsageBuildInformation>
    <hudson.plugins.disk__usage.DiskUsageBuildInformation>
      <id>44</id>
      <timestamp>1510166760384</timestamp>
      <number>44</number>
      <size>81070</size>
    </hudson.plugins.disk__usage.DiskUsageBuildInformation>
    <hudson.plugins.disk__usage.DiskUsageBuildInformation>
      <id>45</id>
      <timestamp>1510167060384</timestamp>
      <number>45</number>
      <size>81070</size>
    </hudson.plugins.disk__usage.DiskUsageBuildInformation>
    <hudson.plugins.disk__usage.DiskUsageBuildInformation>
      <id>46</id>
      <timestamp>1510167360386</timestamp>
      <number>46</number>
      <size>81070</size>
    </hudson.plugins.disk__usage.DiskUsageBuildInformation>
    <hudson.plugins.disk__usage.DiskUsageBuildInformation>
      <id>47</id>
      <timestamp>1510167660384</timestamp>
      <number>47</number>
      <size>2247</size>
    </hudson.plugins.disk__usage.DiskUsageBuildInformation>
    <hudson.plugins.disk__usage.DiskUsageBuildInformation>
      <id>48</id>
      <timestamp>1510167708682</timestamp>
      <number>48</number>
      <size>81124</size>
    </hudson.plugins.disk__usage.DiskUsageBuildInformation>
    <hudson.plugins.disk__usage.DiskUsageBuildInformation>
      <id>49</id>
      <timestamp>1510167960383</timestamp>
      <number>49</number>
      <size>80601</size>
    </hudson.plugins.disk__usage.DiskUsageBuildInformation>
    <hudson.plugins.disk__usage.DiskUsageBuildInformation>
      <id>50</id>
      <timestamp>1510168260384</timestamp>
      <number>50</number>
      <size>80601</size>
    </hudson.plugins.disk__usage.DiskUsageBuildInformation>
    <hudson.plugins.disk__usage.DiskUsageBuildInformation>
      <id>51</id>
      <timestamp>1510168560385</timestamp>
      <number>51</number>
      <size>80600</size>
    </hudson.plugins.disk__usage.DiskUsageBuildInformation>
    <hudson.plugins.disk__usage.DiskUsageBuildInformation>
      <id>52</id>
      <timestamp>1510168860386</timestamp>
      <number>52</number>
      <size>80601</size>
    </hudson.plugins.disk__usage.DiskUsageBuildInformation>
    <hudson.plugins.disk__usage.DiskUsageBuildInformation>
      <id>53</id>
      <timestamp>1510169160392</timestamp>
      <number>53</number>
      <size>80601</size>
    </hudson.plugins.disk__usage.DiskUsageBuildInformation>
    <hudson.plugins.disk__usage.DiskUsageBuildInformation>
      <id>54</id>
      <timestamp>1510169460385</timestamp>
      <number>54</number>
      <size>80601</size>
    </hudson.plugins.disk__usage.DiskUsageBuildInformation>
    <hudson.plugins.disk__usage.DiskUsageBuildInformation>
      <id>55</id>
      <timestamp>1510169760384</timestamp>
      <number>55</number>
      <size>80601</size>
    </hudson.plugins.disk__usage.DiskUsageBuildInformation>
    <hudson.plugins.disk__usage.DiskUsageBuildInformation>
      <id>56</id>
      <timestamp>1510170060384</timestamp>
      <number>56</number>
      <size>80601</size>
    </hudson.plugins.disk__usage.DiskUsageBuildInformation>
    <hudson.plugins.disk__usage.DiskUsageBuildInformation>
      <id>57</id>
      <timestamp>1510170360386</timestamp>
      <number>57</number>
      <size>80601</size>
    </hudson.plugins.disk__usage.DiskUsageBuildInformation>
    <hudson.plugins.disk__usage.DiskUsageBuildInformation>
      <id>58</id>
      <timestamp>1510170660385</timestamp>
      <number>58</number>
      <size>80601</size>
    </hudson.plugins.disk__usage.DiskUsageBuildInformation>
    <hudson.plugins.disk__usage.DiskUsageBuildInformation>
      <id>59</id>
      <timestamp>1510170960389</timestamp>
      <number>59</number>
      <size>80601</size>
    </hudson.plugins.disk__usage.DiskUsageBuildInformation>
    <hudson.plugins.disk__usage.DiskUsageBuildInformation>
      <id>60</id>
      <timestamp>1510171260384</timestamp>
      <number>60</number>
      <size>1809</size>
    </hudson.plugins.disk__usage.DiskUsageBuildInformation>
    <hudson.plugins.disk__usage.DiskUsageBuildInformation>
      <id>61</id>
      <timestamp>1510171560384</timestamp>
      <number>61</number>
      <size>80647</size>
    </hudson.plugins.disk__usage.DiskUsageBuildInformation>
    <hudson.plugins.disk__usage.DiskUsageBuildInformation>
      <id>62</id>
      <timestamp>1510171860383</timestamp>
      <number>62</number>
      <size>80647</size>
    </hudson.plugins.disk__usage.DiskUsageBuildInformation>
    <hudson.plugins.disk__usage.DiskUsageBuildInformation>
      <id>63</id>
      <timestamp>1510172160384</timestamp>
      <number>63</number>
      <size>80647</size>
    </hudson.plugins.disk__usage.DiskUsageBuildInformation>
    <hudson.plugins.disk__usage.DiskUsageBuildInformation>
      <id>64</id>
      <timestamp>1510172460384</timestamp>
      <number>64</number>
      <size>80647</size>
    </hudson.plugins.disk__usage.DiskUsageBuildInformation>
    <hudson.plugins.disk__usage.DiskUsageBuildInformation>
      <id>65</id>
      <timestamp>1510172760384</timestamp>
      <number>65</number>
      <size>80647</size>
    </hudson.plugins.disk__usage.DiskUsageBuildInformation>
    <hudson.plugins.disk__usage.DiskUsageBuildInformation>
      <id>66</id>
      <timestamp>1510173060384</timestamp>
      <number>66</number>
      <size>80646</size>
    </hudson.plugins.disk__usage.DiskUsageBuildInformation>
    <hudson.plugins.disk__usage.DiskUsageBuildInformation>
      <id>67</id>
      <timestamp>1510173360384</timestamp>
      <number>67</number>
      <size>80647</size>
    </hudson.plugins.disk__usage.DiskUsageBuildInformation>
    <hudson.plugins.disk__usage.DiskUsageBuildInformation>
      <id>68</id>
      <timestamp>1510173660384</timestamp>
      <number>68</number>
      <size>80647</size>
    </hudson.plugins.disk__usage.DiskUsageBuildInformation>
    <hudson.plugins.disk__usage.DiskUsageBuildInformation>
      <id>69</id>
      <timestamp>1510173960384</timestamp>
      <number>69</number>
      <size>80646</size>
    </hudson.plugins.disk__usage.DiskUsageBuildInformation>
    <hudson.plugins.disk__usage.DiskUsageBuildInformation>
      <id>70</id>
      <timestamp>1510174260384</timestamp>
      <number>70</number>
      <size>80647</size>
    </hudson.plugins.disk__usage.DiskUsageBuildInformation>
    <hudson.plugins.disk__usage.DiskUsageBuildInformation>
      <id>71</id>
      <timestamp>1510174560383</timestamp>
      <number>71</number>
      <size>80647</size>
    </hudson.plugins.disk__usage.DiskUsageBuildInformation>
    <hudson.plugins.disk__usage.DiskUsageBuildInformation>
      <id>72</id>
      <timestamp>1510174860384</timestamp>
      <number>72</number>
      <size>1809</size>
    </hudson.plugins.disk__usage.DiskUsageBuildInformation>
    <hudson.plugins.disk__usage.DiskUsageBuildInformation>
      <id>73</id>
      <timestamp>1510175160384</timestamp>
      <number>73</number>
      <size>80693</size>
    </hudson.plugins.disk__usage.DiskUsageBuildInformation>
    <hudson.plugins.disk__usage.DiskUsageBuildInformation>
      <id>74</id>
      <timestamp>1510175460384</timestamp>
      <number>74</number>
      <size>80693</size>
    </hudson.plugins.disk__usage.DiskUsageBuildInformation>
    <hudson.plugins.disk__usage.DiskUsageBuildInformation>
      <id>75</id>
      <timestamp>1510175760384</timestamp>
      <number>75</number>
      <size>80693</size>
    </hudson.plugins.disk__usage.DiskUsageBuildInformation>
    <hudson.plugins.disk__usage.DiskUsageBuildInformation>
      <id>76</id>
      <timestamp>1510176060384</timestamp>
      <number>76</number>
      <size>80693</size>
    </hudson.plugins.disk__usage.DiskUsageBuildInformation>
    <hudson.plugins.disk__usage.DiskUsageBuildInformation>
      <id>77</id>
      <timestamp>1510176360383</timestamp>
      <number>77</number>
      <size>80693</size>
    </hudson.plugins.disk__usage.DiskUsageBuildInformation>
    <hudson.plugins.disk__usage.DiskUsageBuildInformation>
      <id>78</id>
      <timestamp>1510176660383</timestamp>
      <number>78</number>
      <size>80693</size>
    </hudson.plugins.disk__usage.DiskUsageBuildInformation>
    <hudson.plugins.disk__usage.DiskUsageBuildInformation>
      <id>79</id>
      <timestamp>1510176960384</timestamp>
      <number>79</number>
      <size>80693</size>
    </hudson.plugins.disk__usage.DiskUsageBuildInformation>
    <hudson.plugins.disk__usage.DiskUsageBuildInformation>
      <id>80</id>
      <timestamp>1510177260384</timestamp>
      <number>80</number>
      <size>80693</size>
    </hudson.plugins.disk__usage.DiskUsageBuildInformation>
    <hudson.plugins.disk__usage.DiskUsageBuildInformation>
      <id>81</id>
      <timestamp>1510177560384</timestamp>
      <number>81</number>
      <size>80693</size>
    </hudson.plugins.disk__usage.DiskUsageBuildInformation>
    <hudson.plugins.disk__usage.DiskUsageBuildInformation>
      <id>82</id>
      <timestamp>1510177860384</timestamp>
      <number>82</number>
      <size>80693</size>
    </hudson.plugins.disk__usage.DiskUsageBuildInformation>
    <hudson.plugins.disk__usage.DiskUsageBuildInformation>
      <id>83</id>
      <timestamp>1510178160384</timestamp>
      <number>83</number>
      <size>80693</size>
    </hudson.plugins.disk__usage.DiskUsageBuildInformation>
    <hudson.plugins.disk__usage.DiskUsageBuildInformation>
      <id>84</id>
      <timestamp>1510178460383</timestamp>
      <number>84</number>
      <size>1809</size>
    </hudson.plugins.disk__usage.DiskUsageBuildInformation>
    <hudson.plugins.disk__usage.DiskUsageBuildInformation>
      <id>85</id>
      <timestamp>1510178760384</timestamp>
      <number>85</number>
      <size>80739</size>
    </hudson.plugins.disk__usage.DiskUsageBuildInformation>
    <hudson.plugins.disk__usage.DiskUsageBuildInformation>
      <id>86</id>
      <timestamp>1510179060384</timestamp>
      <number>86</number>
      <size>80739</size>
    </hudson.plugins.disk__usage.DiskUsageBuildInformation>
    <hudson.plugins.disk__usage.DiskUsageBuildInformation>
      <id>87</id>
      <timestamp>1510179360383</timestamp>
      <number>87</number>
      <size>80739</size>
    </hudson.plugins.disk__usage.DiskUsageBuildInformation>
    <hudson.plugins.disk__usage.DiskUsageBuildInformation>
      <id>88</id>
      <timestamp>1510179660383</timestamp>
      <number>88</number>
      <size>80739</size>
    </hudson.plugins.disk__usage.DiskUsageBuildInformation>
    <hudson.plugins.disk__usage.DiskUsageBuildInformation>
      <id>89</id>
      <timestamp>1510179960384</timestamp>
      <number>89</number>
      <size>80739</size>
    </hudson.plugins.disk__usage.DiskUsageBuildInformation>
    <hudson.plugins.disk__usage.DiskUsageBuildInformation>
      <id>90</id>
      <timestamp>1510180260384</timestamp>
      <number>90</number>
      <size>80739</size>
    </hudson.plugins.disk__usage.DiskUsageBuildInformation>
    <hudson.plugins.disk__usage.DiskUsageBuildInformation>
      <id>91</id>
      <timestamp>1510180560384</timestamp>
      <number>91</number>
      <size>80737</size>
    </hudson.plugins.disk__usage.DiskUsageBuildInformation>
    <hudson.plugins.disk__usage.DiskUsageBuildInformation>
      <id>92</id>
      <timestamp>1510180860384</timestamp>
      <number>92</number>
      <size>80739</size>
    </hudson.plugins.disk__usage.DiskUsageBuildInformation>
    <hudson.plugins.disk__usage.DiskUsageBuildInformation>
      <id>93</id>
      <timestamp>1510181160384</timestamp>
      <number>93</number>
      <size>80738</size>
    </hudson.plugins.disk__usage.DiskUsageBuildInformation>
    <hudson.plugins.disk__usage.DiskUsageBuildInformation>
      <id>94</id>
      <timestamp>1510181460384</timestamp>
      <number>94</number>
      <size>80738</size>
    </hudson.plugins.disk__usage.DiskUsageBuildInformation>
    <hudson.plugins.disk__usage.DiskUsageBuildInformation>
      <id>95</id>
      <timestamp>1510181760384</timestamp>
      <number>95</number>
      <size>80739</size>
    </hudson.plugins.disk__usage.DiskUsageBuildInformation>
  </buildDiskUsage>
  <allBuildsLoaded>false</allBuildsLoaded>
</hudson.plugins.disk__usage.ProjectDiskUsage>