<?xml version='1.0' encoding='UTF-8'?>
<hudson.plugins.disk__usage.ProjectDiskUsage plugin="disk-usage@0.28">
  <diskUsageWithoutBuilds>8849</diskUsageWithoutBuilds>
  <slaveWorkspacesUsage class="concurrent-hash-map">
    <entry>
      <string></string>
      <concurrent-hash-map>
        <entry>
          <string>/var/lib/jenkins/workspace/wplex-garagem-mvn-deploy-AWS</string>
          <long>86422358</long>
        </entry>
      </concurrent-hash-map>
    </entry>
  </slaveWorkspacesUsage>
  <buildDiskUsage class="java.util.concurrent.CopyOnWriteArraySet">
    <hudson.plugins.disk__usage.DiskUsageBuildInformation>
      <id>29</id>
      <timestamp>1510255980287</timestamp>
      <number>29</number>
      <size>15120</size>
    </hudson.plugins.disk__usage.DiskUsageBuildInformation>
    <hudson.plugins.disk__usage.DiskUsageBuildInformation>
      <id>28</id>
      <timestamp>1510248185055</timestamp>
      <number>28</number>
      <size>13438</size>
    </hudson.plugins.disk__usage.DiskUsageBuildInformation>
    <hudson.plugins.disk__usage.DiskUsageBuildInformation>
      <id>27</id>
      <timestamp>1510247930028</timestamp>
      <number>27</number>
      <size>13438</size>
    </hudson.plugins.disk__usage.DiskUsageBuildInformation>
    <hudson.plugins.disk__usage.DiskUsageBuildInformation>
      <id>26</id>
      <timestamp>1510247700014</timestamp>
      <number>26</number>
      <size>15745</size>
    </hudson.plugins.disk__usage.DiskUsageBuildInformation>
    <hudson.plugins.disk__usage.DiskUsageBuildInformation>
      <id>25</id>
      <timestamp>1510169567375</timestamp>
      <number>25</number>
      <size>13371</size>
    </hudson.plugins.disk__usage.DiskUsageBuildInformation>
    <hudson.plugins.disk__usage.DiskUsageBuildInformation>
      <id>24</id>
      <timestamp>1510080288529</timestamp>
      <number>24</number>
      <size>13921</size>
    </hudson.plugins.disk__usage.DiskUsageBuildInformation>
    <hudson.plugins.disk__usage.DiskUsageBuildInformation>
      <id>23</id>
      <timestamp>1510072519604</timestamp>
      <number>23</number>
      <size>12894</size>
    </hudson.plugins.disk__usage.DiskUsageBuildInformation>
    <hudson.plugins.disk__usage.DiskUsageBuildInformation>
      <id>22</id>
      <timestamp>1510072409520</timestamp>
      <number>22</number>
      <size>12894</size>
    </hudson.plugins.disk__usage.DiskUsageBuildInformation>
    <hudson.plugins.disk__usage.DiskUsageBuildInformation>
      <id>21</id>
      <timestamp>1510072239509</timestamp>
      <number>21</number>
      <size>13918</size>
    </hudson.plugins.disk__usage.DiskUsageBuildInformation>
    <hudson.plugins.disk__usage.DiskUsageBuildInformation>
      <id>20</id>
      <timestamp>1510063485299</timestamp>
      <number>20</number>
      <size>12896</size>
    </hudson.plugins.disk__usage.DiskUsageBuildInformation>
    <hudson.plugins.disk__usage.DiskUsageBuildInformation>
      <id>19</id>
      <timestamp>1510063160280</timestamp>
      <number>19</number>
      <size>12897</size>
    </hudson.plugins.disk__usage.DiskUsageBuildInformation>
    <hudson.plugins.disk__usage.DiskUsageBuildInformation>
      <id>18</id>
      <timestamp>1510063035273</timestamp>
      <number>18</number>
      <size>12896</size>
    </hudson.plugins.disk__usage.DiskUsageBuildInformation>
    <hudson.plugins.disk__usage.DiskUsageBuildInformation>
      <id>17</id>
      <timestamp>1510062680258</timestamp>
      <number>17</number>
      <size>12894</size>
    </hudson.plugins.disk__usage.DiskUsageBuildInformation>
    <hudson.plugins.disk__usage.DiskUsageBuildInformation>
      <id>16</id>
      <timestamp>1510061390188</timestamp>
      <number>16</number>
      <size>12894</size>
    </hudson.plugins.disk__usage.DiskUsageBuildInformation>
    <hudson.plugins.disk__usage.DiskUsageBuildInformation>
      <id>15</id>
      <timestamp>1510060410595</timestamp>
      <number>15</number>
      <size>12895</size>
    </hudson.plugins.disk__usage.DiskUsageBuildInformation>
  </buildDiskUsage>
  <allBuildsLoaded>true</allBuildsLoaded>
</hudson.plugins.disk__usage.ProjectDiskUsage>