<?xml version='1.0' encoding='UTF-8'?>
<hudson.plugins.disk__usage.ProjectDiskUsage plugin="disk-usage@0.28">
  <diskUsageWithoutBuilds>0</diskUsageWithoutBuilds>
  <slaveWorkspacesUsage class="concurrent-hash-map">
    <entry>
      <string></string>
      <concurrent-hash-map>
        <entry>
          <string>/var/lib/jenkins/workspace/git-jenkins-backup</string>
          <long>2</long>
        </entry>
      </concurrent-hash-map>
    </entry>
  </slaveWorkspacesUsage>
  <buildDiskUsage class="java.util.concurrent.CopyOnWriteArraySet">
    <hudson.plugins.disk__usage.DiskUsageBuildInformation>
      <id>1</id>
      <timestamp>1510154977116</timestamp>
      <number>1</number>
      <size>2265</size>
    </hudson.plugins.disk__usage.DiskUsageBuildInformation>
    <hudson.plugins.disk__usage.DiskUsageBuildInformation>
      <id>2</id>
      <timestamp>1510155081430</timestamp>
      <number>2</number>
      <size>1905</size>
    </hudson.plugins.disk__usage.DiskUsageBuildInformation>
    <hudson.plugins.disk__usage.DiskUsageBuildInformation>
      <id>3</id>
      <timestamp>1510155105882</timestamp>
      <number>3</number>
      <size>1873</size>
    </hudson.plugins.disk__usage.DiskUsageBuildInformation>
    <hudson.plugins.disk__usage.DiskUsageBuildInformation>
      <id>4</id>
      <timestamp>1510155231199</timestamp>
      <number>4</number>
      <size>2263</size>
    </hudson.plugins.disk__usage.DiskUsageBuildInformation>
    <hudson.plugins.disk__usage.DiskUsageBuildInformation>
      <id>5</id>
      <timestamp>1510155343576</timestamp>
      <number>5</number>
      <size>2252</size>
    </hudson.plugins.disk__usage.DiskUsageBuildInformation>
    <hudson.plugins.disk__usage.DiskUsageBuildInformation>
      <id>6</id>
      <timestamp>1510155410136</timestamp>
      <number>6</number>
      <size>2430</size>
    </hudson.plugins.disk__usage.DiskUsageBuildInformation>
    <hudson.plugins.disk__usage.DiskUsageBuildInformation>
      <id>7</id>
      <timestamp>1510155478560</timestamp>
      <number>7</number>
      <size>2529</size>
    </hudson.plugins.disk__usage.DiskUsageBuildInformation>
    <hudson.plugins.disk__usage.DiskUsageBuildInformation>
      <id>8</id>
      <timestamp>1510155541703</timestamp>
      <number>8</number>
      <size>3040</size>
    </hudson.plugins.disk__usage.DiskUsageBuildInformation>
    <hudson.plugins.disk__usage.DiskUsageBuildInformation>
      <id>9</id>
      <timestamp>1510157423374</timestamp>
      <number>9</number>
      <size>2617</size>
    </hudson.plugins.disk__usage.DiskUsageBuildInformation>
    <hudson.plugins.disk__usage.DiskUsageBuildInformation>
      <id>10</id>
      <timestamp>1510157494877</timestamp>
      <number>10</number>
      <size>2557</size>
    </hudson.plugins.disk__usage.DiskUsageBuildInformation>
    <hudson.plugins.disk__usage.DiskUsageBuildInformation>
      <id>11</id>
      <timestamp>1510157505559</timestamp>
      <number>11</number>
      <size>2557</size>
    </hudson.plugins.disk__usage.DiskUsageBuildInformation>
    <hudson.plugins.disk__usage.DiskUsageBuildInformation>
      <id>12</id>
      <timestamp>1510158034367</timestamp>
      <number>12</number>
      <size>1980</size>
    </hudson.plugins.disk__usage.DiskUsageBuildInformation>
    <hudson.plugins.disk__usage.DiskUsageBuildInformation>
      <id>13</id>
      <timestamp>1510158123280</timestamp>
      <number>13</number>
      <size>1991</size>
    </hudson.plugins.disk__usage.DiskUsageBuildInformation>
    <hudson.plugins.disk__usage.DiskUsageBuildInformation>
      <id>14</id>
      <timestamp>1510158220670</timestamp>
      <number>14</number>
      <size>2240</size>
    </hudson.plugins.disk__usage.DiskUsageBuildInformation>
    <hudson.plugins.disk__usage.DiskUsageBuildInformation>
      <id>15</id>
      <timestamp>1510158237269</timestamp>
      <number>15</number>
      <size>2240</size>
    </hudson.plugins.disk__usage.DiskUsageBuildInformation>
    <hudson.plugins.disk__usage.DiskUsageBuildInformation>
      <id>16</id>
      <timestamp>1510158266750</timestamp>
      <number>16</number>
      <size>2147</size>
    </hudson.plugins.disk__usage.DiskUsageBuildInformation>
    <hudson.plugins.disk__usage.DiskUsageBuildInformation>
      <id>17</id>
      <timestamp>1510158660385</timestamp>
      <number>17</number>
      <size>80555</size>
    </hudson.plugins.disk__usage.DiskUsageBuildInformation>
    <hudson.plugins.disk__usage.DiskUsageBuildInformation>
      <id>18</id>
      <timestamp>1510158960384</timestamp>
      <number>18</number>
      <size>80554</size>
    </hudson.plugins.disk__usage.DiskUsageBuildInformation>
    <hudson.plugins.disk__usage.DiskUsageBuildInformation>
      <id>19</id>
      <timestamp>1510159260384</timestamp>
      <number>19</number>
      <size>80555</size>
    </hudson.plugins.disk__usage.DiskUsageBuildInformation>
    <hudson.plugins.disk__usage.DiskUsageBuildInformation>
      <id>20</id>
      <timestamp>1510159560384</timestamp>
      <number>20</number>
      <size>80555</size>
    </hudson.plugins.disk__usage.DiskUsageBuildInformation>
    <hudson.plugins.disk__usage.DiskUsageBuildInformation>
      <id>21</id>
      <timestamp>1510159860384</timestamp>
      <number>21</number>
      <size>80555</size>
    </hudson.plugins.disk__usage.DiskUsageBuildInformation>
    <hudson.plugins.disk__usage.DiskUsageBuildInformation>
      <id>22</id>
      <timestamp>1510160160384</timestamp>
      <number>22</number>
      <size>80555</size>
    </hudson.plugins.disk__usage.DiskUsageBuildInformation>
    <hudson.plugins.disk__usage.DiskUsageBuildInformation>
      <id>23</id>
      <timestamp>1510160460384</timestamp>
      <number>23</number>
      <size>1809</size>
    </hudson.plugins.disk__usage.DiskUsageBuildInformation>
    <hudson.plugins.disk__usage.DiskUsageBuildInformation>
      <id>24</id>
      <timestamp>1510160760384</timestamp>
      <number>24</number>
      <size>80555</size>
    </hudson.plugins.disk__usage.DiskUsageBuildInformation>
    <hudson.plugins.disk__usage.DiskUsageBuildInformation>
      <id>25</id>
      <timestamp>1510161060385</timestamp>
      <number>25</number>
      <size>80555</size>
    </hudson.plugins.disk__usage.DiskUsageBuildInformation>
    <hudson.plugins.disk__usage.DiskUsageBuildInformation>
      <id>26</id>
      <timestamp>1510161360384</timestamp>
      <number>26</number>
      <size>80555</size>
    </hudson.plugins.disk__usage.DiskUsageBuildInformation>
    <hudson.plugins.disk__usage.DiskUsageBuildInformation>
      <id>27</id>
      <timestamp>1510161660384</timestamp>
      <number>27</number>
      <size>80555</size>
    </hudson.plugins.disk__usage.DiskUsageBuildInformation>
    <hudson.plugins.disk__usage.DiskUsageBuildInformation>
      <id>28</id>
      <timestamp>1510161960384</timestamp>
      <number>28</number>
      <size>80555</size>
    </hudson.plugins.disk__usage.DiskUsageBuildInformation>
    <hudson.plugins.disk__usage.DiskUsageBuildInformation>
      <id>29</id>
      <timestamp>1510162260384</timestamp>
      <number>29</number>
      <size>80555</size>
    </hudson.plugins.disk__usage.DiskUsageBuildInformation>
    <hudson.plugins.disk__usage.DiskUsageBuildInformation>
      <id>30</id>
      <timestamp>1510162560417</timestamp>
      <number>30</number>
      <size>80555</size>
    </hudson.plugins.disk__usage.DiskUsageBuildInformation>
    <hudson.plugins.disk__usage.DiskUsageBuildInformation>
      <id>31</id>
      <timestamp>1510162860384</timestamp>
      <number>31</number>
      <size>80555</size>
    </hudson.plugins.disk__usage.DiskUsageBuildInformation>
    <hudson.plugins.disk__usage.DiskUsageBuildInformation>
      <id>32</id>
      <timestamp>1510163160384</timestamp>
      <number>32</number>
      <size>80554</size>
    </hudson.plugins.disk__usage.DiskUsageBuildInformation>
    <hudson.plugins.disk__usage.DiskUsageBuildInformation>
      <id>33</id>
      <timestamp>1510163460385</timestamp>
      <number>33</number>
      <size>80555</size>
    </hudson.plugins.disk__usage.DiskUsageBuildInformation>
    <hudson.plugins.disk__usage.DiskUsageBuildInformation>
      <id>34</id>
      <timestamp>1510163760385</timestamp>
      <number>34</number>
      <size>80555</size>
    </hudson.plugins.disk__usage.DiskUsageBuildInformation>
    <hudson.plugins.disk__usage.DiskUsageBuildInformation>
      <id>35</id>
      <timestamp>1510164060384</timestamp>
      <number>35</number>
      <size>1809</size>
    </hudson.plugins.disk__usage.DiskUsageBuildInformation>
    <hudson.plugins.disk__usage.DiskUsageBuildInformation>
      <id>36</id>
      <timestamp>1510164360385</timestamp>
      <number>36</number>
      <size>81069</size>
    </hudson.plugins.disk__usage.DiskUsageBuildInformation>
    <hudson.plugins.disk__usage.DiskUsageBuildInformation>
      <id>37</id>
      <timestamp>1510164660383</timestamp>
      <number>37</number>
      <size>81070</size>
    </hudson.plugins.disk__usage.DiskUsageBuildInformation>
    <hudson.plugins.disk__usage.DiskUsageBuildInformation>
      <id>38</id>
      <timestamp>1510164960384</timestamp>
      <number>38</number>
      <size>81070</size>
    </hudson.plugins.disk__usage.DiskUsageBuildInformation>
    <hudson.plugins.disk__usage.DiskUsageBuildInformation>
      <id>39</id>
      <timestamp>1510165260384</timestamp>
      <number>39</number>
      <size>81070</size>
    </hudson.plugins.disk__usage.DiskUsageBuildInformation>
    <hudson.plugins.disk__usage.DiskUsageBuildInformation>
      <id>40</id>
      <timestamp>1510165560384</timestamp>
      <number>40</number>
      <size>81070</size>
    </hudson.plugins.disk__usage.DiskUsageBuildInformation>
    <hudson.plugins.disk__usage.DiskUsageBuildInformation>
      <id>41</id>
      <timestamp>1510165860384</timestamp>
      <number>41</number>
      <size>81070</size>
    </hudson.plugins.disk__usage.DiskUsageBuildInformation>
    <hudson.plugins.disk__usage.DiskUsageBuildInformation>
      <id>42</id>
      <timestamp>1510166160384</timestamp>
      <number>42</number>
      <size>81070</size>
    </hudson.plugins.disk__usage.DiskUsageBuildInformation>
    <hudson.plugins.disk__usage.DiskUsageBuildInformation>
      <id>43</id>
      <timestamp>1510166460384</timestamp>
      <number>43</number>
      <size>81070</size>
    </hudson.plugins.disk__usage.DiskUsageBuildInformation>
    <hudson.plugins.disk__usage.DiskUsageBuildInformation>
      <id>44</id>
      <timestamp>1510166760384</timestamp>
      <number>44</number>
      <size>81070</size>
    </hudson.plugins.disk__usage.DiskUsageBuildInformation>
    <hudson.plugins.disk__usage.DiskUsageBuildInformation>
      <id>45</id>
      <timestamp>1510167060384</timestamp>
      <number>45</number>
      <size>81070</size>
    </hudson.plugins.disk__usage.DiskUsageBuildInformation>
    <hudson.plugins.disk__usage.DiskUsageBuildInformation>
      <id>46</id>
      <timestamp>1510167360386</timestamp>
      <number>46</number>
      <size>81070</size>
    </hudson.plugins.disk__usage.DiskUsageBuildInformation>
    <hudson.plugins.disk__usage.DiskUsageBuildInformation>
      <id>47</id>
      <timestamp>1510167660384</timestamp>
      <number>47</number>
      <size>2247</size>
    </hudson.plugins.disk__usage.DiskUsageBuildInformation>
    <hudson.plugins.disk__usage.DiskUsageBuildInformation>
      <id>48</id>
      <timestamp>1510167708682</timestamp>
      <number>48</number>
      <size>81124</size>
    </hudson.plugins.disk__usage.DiskUsageBuildInformation>
    <hudson.plugins.disk__usage.DiskUsageBuildInformation>
      <id>49</id>
      <timestamp>1510167960383</timestamp>
      <number>49</number>
      <size>80601</size>
    </hudson.plugins.disk__usage.DiskUsageBuildInformation>
    <hudson.plugins.disk__usage.DiskUsageBuildInformation>
      <id>50</id>
      <timestamp>1510168260384</timestamp>
      <number>50</number>
      <size>80601</size>
    </hudson.plugins.disk__usage.DiskUsageBuildInformation>
    <hudson.plugins.disk__usage.DiskUsageBuildInformation>
      <id>51</id>
      <timestamp>1510168560385</timestamp>
      <number>51</number>
      <size>80600</size>
    </hudson.plugins.disk__usage.DiskUsageBuildInformation>
    <hudson.plugins.disk__usage.DiskUsageBuildInformation>
      <id>52</id>
      <timestamp>1510168860386</timestamp>
      <number>52</number>
      <size>80601</size>
    </hudson.plugins.disk__usage.DiskUsageBuildInformation>
    <hudson.plugins.disk__usage.DiskUsageBuildInformation>
      <id>53</id>
      <timestamp>1510169160392</timestamp>
      <number>53</number>
      <size>80601</size>
    </hudson.plugins.disk__usage.DiskUsageBuildInformation>
    <hudson.plugins.disk__usage.DiskUsageBuildInformation>
      <id>54</id>
      <timestamp>1510169460385</timestamp>
      <number>54</number>
      <size>80601</size>
    </hudson.plugins.disk__usage.DiskUsageBuildInformation>
    <hudson.plugins.disk__usage.DiskUsageBuildInformation>
      <id>55</id>
      <timestamp>1510169760384</timestamp>
      <number>55</number>
      <size>80601</size>
    </hudson.plugins.disk__usage.DiskUsageBuildInformation>
    <hudson.plugins.disk__usage.DiskUsageBuildInformation>
      <id>56</id>
      <timestamp>1510170060384</timestamp>
      <number>56</number>
      <size>80601</size>
    </hudson.plugins.disk__usage.DiskUsageBuildInformation>
    <hudson.plugins.disk__usage.DiskUsageBuildInformation>
      <id>57</id>
      <timestamp>1510170360386</timestamp>
      <number>57</number>
      <size>80601</size>
    </hudson.plugins.disk__usage.DiskUsageBuildInformation>
    <hudson.plugins.disk__usage.DiskUsageBuildInformation>
      <id>58</id>
      <timestamp>1510170660385</timestamp>
      <number>58</number>
      <size>80601</size>
    </hudson.plugins.disk__usage.DiskUsageBuildInformation>
    <hudson.plugins.disk__usage.DiskUsageBuildInformation>
      <id>59</id>
      <timestamp>1510170960389</timestamp>
      <number>59</number>
      <size>80601</size>
    </hudson.plugins.disk__usage.DiskUsageBuildInformation>
    <hudson.plugins.disk__usage.DiskUsageBuildInformation>
      <id>60</id>
      <timestamp>1510171260384</timestamp>
      <number>60</number>
      <size>1809</size>
    </hudson.plugins.disk__usage.DiskUsageBuildInformation>
    <hudson.plugins.disk__usage.DiskUsageBuildInformation>
      <id>61</id>
      <timestamp>1510171560384</timestamp>
      <number>61</number>
      <size>80647</size>
    </hudson.plugins.disk__usage.DiskUsageBuildInformation>
    <hudson.plugins.disk__usage.DiskUsageBuildInformation>
      <id>62</id>
      <timestamp>1510171860383</timestamp>
      <number>62</number>
      <size>80647</size>
    </hudson.plugins.disk__usage.DiskUsageBuildInformation>
    <hudson.plugins.disk__usage.DiskUsageBuildInformation>
      <id>63</id>
      <timestamp>1510172160384</timestamp>
      <number>63</number>
      <size>80647</size>
    </hudson.plugins.disk__usage.DiskUsageBuildInformation>
    <hudson.plugins.disk__usage.DiskUsageBuildInformation>
      <id>64</id>
      <timestamp>1510172460384</timestamp>
      <number>64</number>
      <size>80647</size>
    </hudson.plugins.disk__usage.DiskUsageBuildInformation>
    <hudson.plugins.disk__usage.DiskUsageBuildInformation>
      <id>65</id>
      <timestamp>1510172760384</timestamp>
      <number>65</number>
      <size>80647</size>
    </hudson.plugins.disk__usage.DiskUsageBuildInformation>
    <hudson.plugins.disk__usage.DiskUsageBuildInformation>
      <id>66</id>
      <timestamp>1510173060384</timestamp>
      <number>66</number>
      <size>80646</size>
    </hudson.plugins.disk__usage.DiskUsageBuildInformation>
    <hudson.plugins.disk__usage.DiskUsageBuildInformation>
      <id>67</id>
      <timestamp>1510173360384</timestamp>
      <number>67</number>
      <size>80647</size>
    </hudson.plugins.disk__usage.DiskUsageBuildInformation>
    <hudson.plugins.disk__usage.DiskUsageBuildInformation>
      <id>68</id>
      <timestamp>1510173660384</timestamp>
      <number>68</number>
      <size>80647</size>
    </hudson.plugins.disk__usage.DiskUsageBuildInformation>
    <hudson.plugins.disk__usage.DiskUsageBuildInformation>
      <id>69</id>
      <timestamp>1510173960384</timestamp>
      <number>69</number>
      <size>80646</size>
    </hudson.plugins.disk__usage.DiskUsageBuildInformation>
    <hudson.plugins.disk__usage.DiskUsageBuildInformation>
      <id>70</id>
      <timestamp>1510174260384</timestamp>
      <number>70</number>
      <size>80647</size>
    </hudson.plugins.disk__usage.DiskUsageBuildInformation>
    <hudson.plugins.disk__usage.DiskUsageBuildInformation>
      <id>71</id>
      <timestamp>1510174560383</timestamp>
      <number>71</number>
      <size>80647</size>
    </hudson.plugins.disk__usage.DiskUsageBuildInformation>
    <hudson.plugins.disk__usage.DiskUsageBuildInformation>
      <id>72</id>
      <timestamp>1510174860384</timestamp>
      <number>72</number>
      <size>1809</size>
    </hudson.plugins.disk__usage.DiskUsageBuildInformation>
    <hudson.plugins.disk__usage.DiskUsageBuildInformation>
      <id>73</id>
      <timestamp>1510175160384</timestamp>
      <number>73</number>
      <size>80693</size>
    </hudson.plugins.disk__usage.DiskUsageBuildInformation>
    <hudson.plugins.disk__usage.DiskUsageBuildInformation>
      <id>74</id>
      <timestamp>1510175460384</timestamp>
      <number>74</number>
      <size>80693</size>
    </hudson.plugins.disk__usage.DiskUsageBuildInformation>
    <hudson.plugins.disk__usage.DiskUsageBuildInformation>
      <id>75</id>
      <timestamp>1510175760384</timestamp>
      <number>75</number>
      <size>80693</size>
    </hudson.plugins.disk__usage.DiskUsageBuildInformation>
    <hudson.plugins.disk__usage.DiskUsageBuildInformation>
      <id>76</id>
      <timestamp>1510176060384</timestamp>
      <number>76</number>
      <size>80693</size>
    </hudson.plugins.disk__usage.DiskUsageBuildInformation>
    <hudson.plugins.disk__usage.DiskUsageBuildInformation>
      <id>77</id>
      <timestamp>1510176360383</timestamp>
      <number>77</number>
      <size>80693</size>
    </hudson.plugins.disk__usage.DiskUsageBuildInformation>
    <hudson.plugins.disk__usage.DiskUsageBuildInformation>
      <id>78</id>
      <timestamp>1510176660383</timestamp>
      <number>78</number>
      <size>80693</size>
    </hudson.plugins.disk__usage.DiskUsageBuildInformation>
    <hudson.plugins.disk__usage.DiskUsageBuildInformation>
      <id>79</id>
      <timestamp>1510176960384</timestamp>
      <number>79</number>
      <size>80693</size>
    </hudson.plugins.disk__usage.DiskUsageBuildInformation>
    <hudson.plugins.disk__usage.DiskUsageBuildInformation>
      <id>80</id>
      <timestamp>1510177260384</timestamp>
      <number>80</number>
      <size>80693</size>
    </hudson.plugins.disk__usage.DiskUsageBuildInformation>
    <hudson.plugins.disk__usage.DiskUsageBuildInformation>
      <id>81</id>
      <timestamp>1510177560384</timestamp>
      <number>81</number>
      <size>80693</size>
    </hudson.plugins.disk__usage.DiskUsageBuildInformation>
    <hudson.plugins.disk__usage.DiskUsageBuildInformation>
      <id>82</id>
      <timestamp>1510177860384</timestamp>
      <number>82</number>
      <size>80693</size>
    </hudson.plugins.disk__usage.DiskUsageBuildInformation>
    <hudson.plugins.disk__usage.DiskUsageBuildInformation>
      <id>83</id>
      <timestamp>1510178160384</timestamp>
      <number>83</number>
      <size>80693</size>
    </hudson.plugins.disk__usage.DiskUsageBuildInformation>
    <hudson.plugins.disk__usage.DiskUsageBuildInformation>
      <id>84</id>
      <timestamp>1510178460383</timestamp>
      <number>84</number>
      <size>1809</size>
    </hudson.plugins.disk__usage.DiskUsageBuildInformation>
    <hudson.plugins.disk__usage.DiskUsageBuildInformation>
      <id>85</id>
      <timestamp>1510178760384</timestamp>
      <number>85</number>
      <size>80739</size>
    </hudson.plugins.disk__usage.DiskUsageBuildInformation>
    <hudson.plugins.disk__usage.DiskUsageBuildInformation>
      <id>86</id>
      <timestamp>1510179060384</timestamp>
      <number>86</number>
      <size>80739</size>
    </hudson.plugins.disk__usage.DiskUsageBuildInformation>
    <hudson.plugins.disk__usage.DiskUsageBuildInformation>
      <id>87</id>
      <timestamp>1510179360383</timestamp>
      <number>87</number>
      <size>80739</size>
    </hudson.plugins.disk__usage.DiskUsageBuildInformation>
    <hudson.plugins.disk__usage.DiskUsageBuildInformation>
      <id>88</id>
      <timestamp>1510179660383</timestamp>
      <number>88</number>
      <size>80739</size>
    </hudson.plugins.disk__usage.DiskUsageBuildInformation>
    <hudson.plugins.disk__usage.DiskUsageBuildInformation>
      <id>89</id>
      <timestamp>1510179960384</timestamp>
      <number>89</number>
      <size>80739</size>
    </hudson.plugins.disk__usage.DiskUsageBuildInformation>
    <hudson.plugins.disk__usage.DiskUsageBuildInformation>
      <id>90</id>
      <timestamp>1510180260384</timestamp>
      <number>90</number>
      <size>80739</size>
    </hudson.plugins.disk__usage.DiskUsageBuildInformation>
    <hudson.plugins.disk__usage.DiskUsageBuildInformation>
      <id>91</id>
      <timestamp>1510180560384</timestamp>
      <number>91</number>
      <size>80737</size>
    </hudson.plugins.disk__usage.DiskUsageBuildInformation>
    <hudson.plugins.disk__usage.DiskUsageBuildInformation>
      <id>92</id>
      <timestamp>1510180860384</timestamp>
      <number>92</number>
      <size>80739</size>
    </hudson.plugins.disk__usage.DiskUsageBuildInformation>
    <hudson.plugins.disk__usage.DiskUsageBuildInformation>
      <id>93</id>
      <timestamp>1510181160384</timestamp>
      <number>93</number>
      <size>80738</size>
    </hudson.plugins.disk__usage.DiskUsageBuildInformation>
    <hudson.plugins.disk__usage.DiskUsageBuildInformation>
      <id>94</id>
      <timestamp>1510181460384</timestamp>
      <number>94</number>
      <size>80738</size>
    </hudson.plugins.disk__usage.DiskUsageBuildInformation>
    <hudson.plugins.disk__usage.DiskUsageBuildInformation>
      <id>95</id>
      <timestamp>1510181760384</timestamp>
      <number>95</number>
      <size>80739</size>
    </hudson.plugins.disk__usage.DiskUsageBuildInformation>
    <hudson.plugins.disk__usage.DiskUsageBuildInformation>
      <id>96</id>
      <timestamp>1510182060384</timestamp>
      <number>96</number>
      <size>1809</size>
    </hudson.plugins.disk__usage.DiskUsageBuildInformation>
    <hudson.plugins.disk__usage.DiskUsageBuildInformation>
      <id>97</id>
      <timestamp>1510182360384</timestamp>
      <number>97</number>
      <size>80785</size>
    </hudson.plugins.disk__usage.DiskUsageBuildInformation>
    <hudson.plugins.disk__usage.DiskUsageBuildInformation>
      <id>98</id>
      <timestamp>1510182660385</timestamp>
      <number>98</number>
      <size>80784</size>
    </hudson.plugins.disk__usage.DiskUsageBuildInformation>
    <hudson.plugins.disk__usage.DiskUsageBuildInformation>
      <id>99</id>
      <timestamp>1510182960384</timestamp>
      <number>99</number>
      <size>80785</size>
    </hudson.plugins.disk__usage.DiskUsageBuildInformation>
    <hudson.plugins.disk__usage.DiskUsageBuildInformation>
      <id>100</id>
      <timestamp>1510183260384</timestamp>
      <number>100</number>
      <size>80785</size>
    </hudson.plugins.disk__usage.DiskUsageBuildInformation>
    <hudson.plugins.disk__usage.DiskUsageBuildInformation>
      <id>101</id>
      <timestamp>1510183560388</timestamp>
      <number>101</number>
      <size>80786</size>
    </hudson.plugins.disk__usage.DiskUsageBuildInformation>
    <hudson.plugins.disk__usage.DiskUsageBuildInformation>
      <id>102</id>
      <timestamp>1510183860384</timestamp>
      <number>102</number>
      <size>80786</size>
    </hudson.plugins.disk__usage.DiskUsageBuildInformation>
    <hudson.plugins.disk__usage.DiskUsageBuildInformation>
      <id>103</id>
      <timestamp>1510184160384</timestamp>
      <number>103</number>
      <size>80786</size>
    </hudson.plugins.disk__usage.DiskUsageBuildInformation>
    <hudson.plugins.disk__usage.DiskUsageBuildInformation>
      <id>104</id>
      <timestamp>1510184460383</timestamp>
      <number>104</number>
      <size>80786</size>
    </hudson.plugins.disk__usage.DiskUsageBuildInformation>
    <hudson.plugins.disk__usage.DiskUsageBuildInformation>
      <id>105</id>
      <timestamp>1510184760384</timestamp>
      <number>105</number>
      <size>80786</size>
    </hudson.plugins.disk__usage.DiskUsageBuildInformation>
    <hudson.plugins.disk__usage.DiskUsageBuildInformation>
      <id>106</id>
      <timestamp>1510185060384</timestamp>
      <number>106</number>
      <size>80786</size>
    </hudson.plugins.disk__usage.DiskUsageBuildInformation>
    <hudson.plugins.disk__usage.DiskUsageBuildInformation>
      <id>107</id>
      <timestamp>1510185360384</timestamp>
      <number>107</number>
      <size>80786</size>
    </hudson.plugins.disk__usage.DiskUsageBuildInformation>
    <hudson.plugins.disk__usage.DiskUsageBuildInformation>
      <id>108</id>
      <timestamp>1510185660384</timestamp>
      <number>108</number>
      <size>1810</size>
    </hudson.plugins.disk__usage.DiskUsageBuildInformation>
    <hudson.plugins.disk__usage.DiskUsageBuildInformation>
      <id>109</id>
      <timestamp>1510185960384</timestamp>
      <number>109</number>
      <size>80832</size>
    </hudson.plugins.disk__usage.DiskUsageBuildInformation>
    <hudson.plugins.disk__usage.DiskUsageBuildInformation>
      <id>110</id>
      <timestamp>1510186260384</timestamp>
      <number>110</number>
      <size>80832</size>
    </hudson.plugins.disk__usage.DiskUsageBuildInformation>
    <hudson.plugins.disk__usage.DiskUsageBuildInformation>
      <id>111</id>
      <timestamp>1510186560384</timestamp>
      <number>111</number>
      <size>80830</size>
    </hudson.plugins.disk__usage.DiskUsageBuildInformation>
    <hudson.plugins.disk__usage.DiskUsageBuildInformation>
      <id>112</id>
      <timestamp>1510186860384</timestamp>
      <number>112</number>
      <size>80832</size>
    </hudson.plugins.disk__usage.DiskUsageBuildInformation>
    <hudson.plugins.disk__usage.DiskUsageBuildInformation>
      <id>113</id>
      <timestamp>1510187160384</timestamp>
      <number>113</number>
      <size>80831</size>
    </hudson.plugins.disk__usage.DiskUsageBuildInformation>
    <hudson.plugins.disk__usage.DiskUsageBuildInformation>
      <id>114</id>
      <timestamp>1510187460384</timestamp>
      <number>114</number>
      <size>80832</size>
    </hudson.plugins.disk__usage.DiskUsageBuildInformation>
    <hudson.plugins.disk__usage.DiskUsageBuildInformation>
      <id>115</id>
      <timestamp>1510187760383</timestamp>
      <number>115</number>
      <size>80832</size>
    </hudson.plugins.disk__usage.DiskUsageBuildInformation>
    <hudson.plugins.disk__usage.DiskUsageBuildInformation>
      <id>116</id>
      <timestamp>1510188060383</timestamp>
      <number>116</number>
      <size>80832</size>
    </hudson.plugins.disk__usage.DiskUsageBuildInformation>
    <hudson.plugins.disk__usage.DiskUsageBuildInformation>
      <id>117</id>
      <timestamp>1510188360384</timestamp>
      <number>117</number>
      <size>80832</size>
    </hudson.plugins.disk__usage.DiskUsageBuildInformation>
    <hudson.plugins.disk__usage.DiskUsageBuildInformation>
      <id>118</id>
      <timestamp>1510188660385</timestamp>
      <number>118</number>
      <size>80831</size>
    </hudson.plugins.disk__usage.DiskUsageBuildInformation>
    <hudson.plugins.disk__usage.DiskUsageBuildInformation>
      <id>119</id>
      <timestamp>1510188960384</timestamp>
      <number>119</number>
      <size>80832</size>
    </hudson.plugins.disk__usage.DiskUsageBuildInformation>
    <hudson.plugins.disk__usage.DiskUsageBuildInformation>
      <id>120</id>
      <timestamp>1510189260383</timestamp>
      <number>120</number>
      <size>1810</size>
    </hudson.plugins.disk__usage.DiskUsageBuildInformation>
    <hudson.plugins.disk__usage.DiskUsageBuildInformation>
      <id>121</id>
      <timestamp>1510189560383</timestamp>
      <number>121</number>
      <size>80878</size>
    </hudson.plugins.disk__usage.DiskUsageBuildInformation>
    <hudson.plugins.disk__usage.DiskUsageBuildInformation>
      <id>122</id>
      <timestamp>1510189860384</timestamp>
      <number>122</number>
      <size>80878</size>
    </hudson.plugins.disk__usage.DiskUsageBuildInformation>
    <hudson.plugins.disk__usage.DiskUsageBuildInformation>
      <id>123</id>
      <timestamp>1510190160384</timestamp>
      <number>123</number>
      <size>80878</size>
    </hudson.plugins.disk__usage.DiskUsageBuildInformation>
    <hudson.plugins.disk__usage.DiskUsageBuildInformation>
      <id>124</id>
      <timestamp>1510190460385</timestamp>
      <number>124</number>
      <size>80878</size>
    </hudson.plugins.disk__usage.DiskUsageBuildInformation>
    <hudson.plugins.disk__usage.DiskUsageBuildInformation>
      <id>125</id>
      <timestamp>1510190760383</timestamp>
      <number>125</number>
      <size>80878</size>
    </hudson.plugins.disk__usage.DiskUsageBuildInformation>
    <hudson.plugins.disk__usage.DiskUsageBuildInformation>
      <id>126</id>
      <timestamp>1510191060385</timestamp>
      <number>126</number>
      <size>80878</size>
    </hudson.plugins.disk__usage.DiskUsageBuildInformation>
    <hudson.plugins.disk__usage.DiskUsageBuildInformation>
      <id>127</id>
      <timestamp>1510191360384</timestamp>
      <number>127</number>
      <size>80878</size>
    </hudson.plugins.disk__usage.DiskUsageBuildInformation>
    <hudson.plugins.disk__usage.DiskUsageBuildInformation>
      <id>128</id>
      <timestamp>1510191660384</timestamp>
      <number>128</number>
      <size>80878</size>
    </hudson.plugins.disk__usage.DiskUsageBuildInformation>
    <hudson.plugins.disk__usage.DiskUsageBuildInformation>
      <id>129</id>
      <timestamp>1510191960384</timestamp>
      <number>129</number>
      <size>80878</size>
    </hudson.plugins.disk__usage.DiskUsageBuildInformation>
    <hudson.plugins.disk__usage.DiskUsageBuildInformation>
      <id>130</id>
      <timestamp>1510192260384</timestamp>
      <number>130</number>
      <size>80878</size>
    </hudson.plugins.disk__usage.DiskUsageBuildInformation>
    <hudson.plugins.disk__usage.DiskUsageBuildInformation>
      <id>131</id>
      <timestamp>1510192560384</timestamp>
      <number>131</number>
      <size>80877</size>
    </hudson.plugins.disk__usage.DiskUsageBuildInformation>
    <hudson.plugins.disk__usage.DiskUsageBuildInformation>
      <id>132</id>
      <timestamp>1510192860384</timestamp>
      <number>132</number>
      <size>1810</size>
    </hudson.plugins.disk__usage.DiskUsageBuildInformation>
    <hudson.plugins.disk__usage.DiskUsageBuildInformation>
      <id>133</id>
      <timestamp>1510193160384</timestamp>
      <number>133</number>
      <size>80923</size>
    </hudson.plugins.disk__usage.DiskUsageBuildInformation>
    <hudson.plugins.disk__usage.DiskUsageBuildInformation>
      <id>134</id>
      <timestamp>1510193460384</timestamp>
      <number>134</number>
      <size>80924</size>
    </hudson.plugins.disk__usage.DiskUsageBuildInformation>
    <hudson.plugins.disk__usage.DiskUsageBuildInformation>
      <id>135</id>
      <timestamp>1510193760384</timestamp>
      <number>135</number>
      <size>80924</size>
    </hudson.plugins.disk__usage.DiskUsageBuildInformation>
    <hudson.plugins.disk__usage.DiskUsageBuildInformation>
      <id>136</id>
      <timestamp>1510194060384</timestamp>
      <number>136</number>
      <size>80924</size>
    </hudson.plugins.disk__usage.DiskUsageBuildInformation>
    <hudson.plugins.disk__usage.DiskUsageBuildInformation>
      <id>137</id>
      <timestamp>1510194360384</timestamp>
      <number>137</number>
      <size>80924</size>
    </hudson.plugins.disk__usage.DiskUsageBuildInformation>
    <hudson.plugins.disk__usage.DiskUsageBuildInformation>
      <id>138</id>
      <timestamp>1510194660384</timestamp>
      <number>138</number>
      <size>80924</size>
    </hudson.plugins.disk__usage.DiskUsageBuildInformation>
    <hudson.plugins.disk__usage.DiskUsageBuildInformation>
      <id>139</id>
      <timestamp>1510194960384</timestamp>
      <number>139</number>
      <size>80924</size>
    </hudson.plugins.disk__usage.DiskUsageBuildInformation>
    <hudson.plugins.disk__usage.DiskUsageBuildInformation>
      <id>140</id>
      <timestamp>1510195260383</timestamp>
      <number>140</number>
      <size>80924</size>
    </hudson.plugins.disk__usage.DiskUsageBuildInformation>
    <hudson.plugins.disk__usage.DiskUsageBuildInformation>
      <id>141</id>
      <timestamp>1510195560383</timestamp>
      <number>141</number>
      <size>80924</size>
    </hudson.plugins.disk__usage.DiskUsageBuildInformation>
    <hudson.plugins.disk__usage.DiskUsageBuildInformation>
      <id>142</id>
      <timestamp>1510195860384</timestamp>
      <number>142</number>
      <size>80924</size>
    </hudson.plugins.disk__usage.DiskUsageBuildInformation>
    <hudson.plugins.disk__usage.DiskUsageBuildInformation>
      <id>143</id>
      <timestamp>1510196160384</timestamp>
      <number>143</number>
      <size>80924</size>
    </hudson.plugins.disk__usage.DiskUsageBuildInformation>
    <hudson.plugins.disk__usage.DiskUsageBuildInformation>
      <id>144</id>
      <timestamp>1510196460385</timestamp>
      <number>144</number>
      <size>1810</size>
    </hudson.plugins.disk__usage.DiskUsageBuildInformation>
    <hudson.plugins.disk__usage.DiskUsageBuildInformation>
      <id>145</id>
      <timestamp>1510196760384</timestamp>
      <number>145</number>
      <size>80970</size>
    </hudson.plugins.disk__usage.DiskUsageBuildInformation>
    <hudson.plugins.disk__usage.DiskUsageBuildInformation>
      <id>146</id>
      <timestamp>1510197060383</timestamp>
      <number>146</number>
      <size>80970</size>
    </hudson.plugins.disk__usage.DiskUsageBuildInformation>
    <hudson.plugins.disk__usage.DiskUsageBuildInformation>
      <id>147</id>
      <timestamp>1510197360387</timestamp>
      <number>147</number>
      <size>80970</size>
    </hudson.plugins.disk__usage.DiskUsageBuildInformation>
    <hudson.plugins.disk__usage.DiskUsageBuildInformation>
      <id>148</id>
      <timestamp>1510197660384</timestamp>
      <number>148</number>
      <size>80969</size>
    </hudson.plugins.disk__usage.DiskUsageBuildInformation>
    <hudson.plugins.disk__usage.DiskUsageBuildInformation>
      <id>149</id>
      <timestamp>1510197960383</timestamp>
      <number>149</number>
      <size>80970</size>
    </hudson.plugins.disk__usage.DiskUsageBuildInformation>
    <hudson.plugins.disk__usage.DiskUsageBuildInformation>
      <id>150</id>
      <timestamp>1510198260384</timestamp>
      <number>150</number>
      <size>80970</size>
    </hudson.plugins.disk__usage.DiskUsageBuildInformation>
    <hudson.plugins.disk__usage.DiskUsageBuildInformation>
      <id>151</id>
      <timestamp>1510198560383</timestamp>
      <number>151</number>
      <size>80970</size>
    </hudson.plugins.disk__usage.DiskUsageBuildInformation>
    <hudson.plugins.disk__usage.DiskUsageBuildInformation>
      <id>152</id>
      <timestamp>1510198860384</timestamp>
      <number>152</number>
      <size>80970</size>
    </hudson.plugins.disk__usage.DiskUsageBuildInformation>
    <hudson.plugins.disk__usage.DiskUsageBuildInformation>
      <id>153</id>
      <timestamp>1510199160384</timestamp>
      <number>153</number>
      <size>80970</size>
    </hudson.plugins.disk__usage.DiskUsageBuildInformation>
    <hudson.plugins.disk__usage.DiskUsageBuildInformation>
      <id>154</id>
      <timestamp>1510199460384</timestamp>
      <number>154</number>
      <size>80970</size>
    </hudson.plugins.disk__usage.DiskUsageBuildInformation>
    <hudson.plugins.disk__usage.DiskUsageBuildInformation>
      <id>155</id>
      <timestamp>1510199760384</timestamp>
      <number>155</number>
      <size>80970</size>
    </hudson.plugins.disk__usage.DiskUsageBuildInformation>
    <hudson.plugins.disk__usage.DiskUsageBuildInformation>
      <id>156</id>
      <timestamp>1510200060383</timestamp>
      <number>156</number>
      <size>1810</size>
    </hudson.plugins.disk__usage.DiskUsageBuildInformation>
    <hudson.plugins.disk__usage.DiskUsageBuildInformation>
      <id>157</id>
      <timestamp>1510200360384</timestamp>
      <number>157</number>
      <size>81016</size>
    </hudson.plugins.disk__usage.DiskUsageBuildInformation>
    <hudson.plugins.disk__usage.DiskUsageBuildInformation>
      <id>158</id>
      <timestamp>1510200660384</timestamp>
      <number>158</number>
      <size>81015</size>
    </hudson.plugins.disk__usage.DiskUsageBuildInformation>
    <hudson.plugins.disk__usage.DiskUsageBuildInformation>
      <id>159</id>
      <timestamp>1510200960384</timestamp>
      <number>159</number>
      <size>81016</size>
    </hudson.plugins.disk__usage.DiskUsageBuildInformation>
    <hudson.plugins.disk__usage.DiskUsageBuildInformation>
      <id>160</id>
      <timestamp>1510201260383</timestamp>
      <number>160</number>
      <size>81016</size>
    </hudson.plugins.disk__usage.DiskUsageBuildInformation>
    <hudson.plugins.disk__usage.DiskUsageBuildInformation>
      <id>161</id>
      <timestamp>1510201560384</timestamp>
      <number>161</number>
      <size>81016</size>
    </hudson.plugins.disk__usage.DiskUsageBuildInformation>
    <hudson.plugins.disk__usage.DiskUsageBuildInformation>
      <id>162</id>
      <timestamp>1510201860384</timestamp>
      <number>162</number>
      <size>81014</size>
    </hudson.plugins.disk__usage.DiskUsageBuildInformation>
    <hudson.plugins.disk__usage.DiskUsageBuildInformation>
      <id>163</id>
      <timestamp>1510202160383</timestamp>
      <number>163</number>
      <size>81016</size>
    </hudson.plugins.disk__usage.DiskUsageBuildInformation>
    <hudson.plugins.disk__usage.DiskUsageBuildInformation>
      <id>164</id>
      <timestamp>1510202460383</timestamp>
      <number>164</number>
      <size>81016</size>
    </hudson.plugins.disk__usage.DiskUsageBuildInformation>
    <hudson.plugins.disk__usage.DiskUsageBuildInformation>
      <id>165</id>
      <timestamp>1510202760384</timestamp>
      <number>165</number>
      <size>81016</size>
    </hudson.plugins.disk__usage.DiskUsageBuildInformation>
    <hudson.plugins.disk__usage.DiskUsageBuildInformation>
      <id>166</id>
      <timestamp>1510203060384</timestamp>
      <number>166</number>
      <size>81016</size>
    </hudson.plugins.disk__usage.DiskUsageBuildInformation>
    <hudson.plugins.disk__usage.DiskUsageBuildInformation>
      <id>167</id>
      <timestamp>1510203360383</timestamp>
      <number>167</number>
      <size>81016</size>
    </hudson.plugins.disk__usage.DiskUsageBuildInformation>
    <hudson.plugins.disk__usage.DiskUsageBuildInformation>
      <id>168</id>
      <timestamp>1510203660384</timestamp>
      <number>168</number>
      <size>1810</size>
    </hudson.plugins.disk__usage.DiskUsageBuildInformation>
    <hudson.plugins.disk__usage.DiskUsageBuildInformation>
      <id>169</id>
      <timestamp>1510203960384</timestamp>
      <number>169</number>
      <size>81062</size>
    </hudson.plugins.disk__usage.DiskUsageBuildInformation>
    <hudson.plugins.disk__usage.DiskUsageBuildInformation>
      <id>170</id>
      <timestamp>1510204260383</timestamp>
      <number>170</number>
      <size>81062</size>
    </hudson.plugins.disk__usage.DiskUsageBuildInformation>
    <hudson.plugins.disk__usage.DiskUsageBuildInformation>
      <id>171</id>
      <timestamp>1510204560383</timestamp>
      <number>171</number>
      <size>81062</size>
    </hudson.plugins.disk__usage.DiskUsageBuildInformation>
    <hudson.plugins.disk__usage.DiskUsageBuildInformation>
      <id>172</id>
      <timestamp>1510204860383</timestamp>
      <number>172</number>
      <size>81062</size>
    </hudson.plugins.disk__usage.DiskUsageBuildInformation>
    <hudson.plugins.disk__usage.DiskUsageBuildInformation>
      <id>173</id>
      <timestamp>1510205160383</timestamp>
      <number>173</number>
      <size>81062</size>
    </hudson.plugins.disk__usage.DiskUsageBuildInformation>
    <hudson.plugins.disk__usage.DiskUsageBuildInformation>
      <id>174</id>
      <timestamp>1510205460384</timestamp>
      <number>174</number>
      <size>81062</size>
    </hudson.plugins.disk__usage.DiskUsageBuildInformation>
    <hudson.plugins.disk__usage.DiskUsageBuildInformation>
      <id>175</id>
      <timestamp>1510205760384</timestamp>
      <number>175</number>
      <size>81062</size>
    </hudson.plugins.disk__usage.DiskUsageBuildInformation>
    <hudson.plugins.disk__usage.DiskUsageBuildInformation>
      <id>176</id>
      <timestamp>1510206060384</timestamp>
      <number>176</number>
      <size>81061</size>
    </hudson.plugins.disk__usage.DiskUsageBuildInformation>
    <hudson.plugins.disk__usage.DiskUsageBuildInformation>
      <id>177</id>
      <timestamp>1510206360384</timestamp>
      <number>177</number>
      <size>81062</size>
    </hudson.plugins.disk__usage.DiskUsageBuildInformation>
    <hudson.plugins.disk__usage.DiskUsageBuildInformation>
      <id>178</id>
      <timestamp>1510206660384</timestamp>
      <number>178</number>
      <size>81062</size>
    </hudson.plugins.disk__usage.DiskUsageBuildInformation>
    <hudson.plugins.disk__usage.DiskUsageBuildInformation>
      <id>179</id>
      <timestamp>1510206960383</timestamp>
      <number>179</number>
      <size>81062</size>
    </hudson.plugins.disk__usage.DiskUsageBuildInformation>
    <hudson.plugins.disk__usage.DiskUsageBuildInformation>
      <id>180</id>
      <timestamp>1510207260384</timestamp>
      <number>180</number>
      <size>1810</size>
    </hudson.plugins.disk__usage.DiskUsageBuildInformation>
    <hudson.plugins.disk__usage.DiskUsageBuildInformation>
      <id>181</id>
      <timestamp>1510207560383</timestamp>
      <number>181</number>
      <size>81108</size>
    </hudson.plugins.disk__usage.DiskUsageBuildInformation>
    <hudson.plugins.disk__usage.DiskUsageBuildInformation>
      <id>182</id>
      <timestamp>1510207860384</timestamp>
      <number>182</number>
      <size>81108</size>
    </hudson.plugins.disk__usage.DiskUsageBuildInformation>
    <hudson.plugins.disk__usage.DiskUsageBuildInformation>
      <id>183</id>
      <timestamp>1510208160383</timestamp>
      <number>183</number>
      <size>81107</size>
    </hudson.plugins.disk__usage.DiskUsageBuildInformation>
    <hudson.plugins.disk__usage.DiskUsageBuildInformation>
      <id>184</id>
      <timestamp>1510208460383</timestamp>
      <number>184</number>
      <size>81108</size>
    </hudson.plugins.disk__usage.DiskUsageBuildInformation>
    <hudson.plugins.disk__usage.DiskUsageBuildInformation>
      <id>185</id>
      <timestamp>1510208760384</timestamp>
      <number>185</number>
      <size>81108</size>
    </hudson.plugins.disk__usage.DiskUsageBuildInformation>
    <hudson.plugins.disk__usage.DiskUsageBuildInformation>
      <id>186</id>
      <timestamp>1510209060384</timestamp>
      <number>186</number>
      <size>81108</size>
    </hudson.plugins.disk__usage.DiskUsageBuildInformation>
    <hudson.plugins.disk__usage.DiskUsageBuildInformation>
      <id>187</id>
      <timestamp>1510209360384</timestamp>
      <number>187</number>
      <size>81108</size>
    </hudson.plugins.disk__usage.DiskUsageBuildInformation>
    <hudson.plugins.disk__usage.DiskUsageBuildInformation>
      <id>188</id>
      <timestamp>1510209660384</timestamp>
      <number>188</number>
      <size>81108</size>
    </hudson.plugins.disk__usage.DiskUsageBuildInformation>
    <hudson.plugins.disk__usage.DiskUsageBuildInformation>
      <id>189</id>
      <timestamp>1510209960383</timestamp>
      <number>189</number>
      <size>81108</size>
    </hudson.plugins.disk__usage.DiskUsageBuildInformation>
    <hudson.plugins.disk__usage.DiskUsageBuildInformation>
      <id>190</id>
      <timestamp>1510210260384</timestamp>
      <number>190</number>
      <size>81108</size>
    </hudson.plugins.disk__usage.DiskUsageBuildInformation>
    <hudson.plugins.disk__usage.DiskUsageBuildInformation>
      <id>191</id>
      <timestamp>1510210560383</timestamp>
      <number>191</number>
      <size>81108</size>
    </hudson.plugins.disk__usage.DiskUsageBuildInformation>
    <hudson.plugins.disk__usage.DiskUsageBuildInformation>
      <id>192</id>
      <timestamp>1510210860383</timestamp>
      <number>192</number>
      <size>1810</size>
    </hudson.plugins.disk__usage.DiskUsageBuildInformation>
    <hudson.plugins.disk__usage.DiskUsageBuildInformation>
      <id>193</id>
      <timestamp>1510211160383</timestamp>
      <number>193</number>
      <size>81154</size>
    </hudson.plugins.disk__usage.DiskUsageBuildInformation>
    <hudson.plugins.disk__usage.DiskUsageBuildInformation>
      <id>194</id>
      <timestamp>1510211460383</timestamp>
      <number>194</number>
      <size>81153</size>
    </hudson.plugins.disk__usage.DiskUsageBuildInformation>
    <hudson.plugins.disk__usage.DiskUsageBuildInformation>
      <id>195</id>
      <timestamp>1510211760383</timestamp>
      <number>195</number>
      <size>81154</size>
    </hudson.plugins.disk__usage.DiskUsageBuildInformation>
    <hudson.plugins.disk__usage.DiskUsageBuildInformation>
      <id>196</id>
      <timestamp>1510212060383</timestamp>
      <number>196</number>
      <size>81154</size>
    </hudson.plugins.disk__usage.DiskUsageBuildInformation>
    <hudson.plugins.disk__usage.DiskUsageBuildInformation>
      <id>197</id>
      <timestamp>1510212360384</timestamp>
      <number>197</number>
      <size>81154</size>
    </hudson.plugins.disk__usage.DiskUsageBuildInformation>
    <hudson.plugins.disk__usage.DiskUsageBuildInformation>
      <id>198</id>
      <timestamp>1510212660384</timestamp>
      <number>198</number>
      <size>81154</size>
    </hudson.plugins.disk__usage.DiskUsageBuildInformation>
    <hudson.plugins.disk__usage.DiskUsageBuildInformation>
      <id>199</id>
      <timestamp>1510212960384</timestamp>
      <number>199</number>
      <size>81153</size>
    </hudson.plugins.disk__usage.DiskUsageBuildInformation>
    <hudson.plugins.disk__usage.DiskUsageBuildInformation>
      <id>200</id>
      <timestamp>1510213260384</timestamp>
      <number>200</number>
      <size>81154</size>
    </hudson.plugins.disk__usage.DiskUsageBuildInformation>
    <hudson.plugins.disk__usage.DiskUsageBuildInformation>
      <id>201</id>
      <timestamp>1510213560384</timestamp>
      <number>201</number>
      <size>81154</size>
    </hudson.plugins.disk__usage.DiskUsageBuildInformation>
    <hudson.plugins.disk__usage.DiskUsageBuildInformation>
      <id>202</id>
      <timestamp>1510213860384</timestamp>
      <number>202</number>
      <size>81154</size>
    </hudson.plugins.disk__usage.DiskUsageBuildInformation>
    <hudson.plugins.disk__usage.DiskUsageBuildInformation>
      <id>203</id>
      <timestamp>1510214160383</timestamp>
      <number>203</number>
      <size>81154</size>
    </hudson.plugins.disk__usage.DiskUsageBuildInformation>
    <hudson.plugins.disk__usage.DiskUsageBuildInformation>
      <id>204</id>
      <timestamp>1510214460384</timestamp>
      <number>204</number>
      <size>1810</size>
    </hudson.plugins.disk__usage.DiskUsageBuildInformation>
    <hudson.plugins.disk__usage.DiskUsageBuildInformation>
      <id>205</id>
      <timestamp>1510214760384</timestamp>
      <number>205</number>
      <size>81199</size>
    </hudson.plugins.disk__usage.DiskUsageBuildInformation>
    <hudson.plugins.disk__usage.DiskUsageBuildInformation>
      <id>206</id>
      <timestamp>1510215060383</timestamp>
      <number>206</number>
      <size>81200</size>
    </hudson.plugins.disk__usage.DiskUsageBuildInformation>
    <hudson.plugins.disk__usage.DiskUsageBuildInformation>
      <id>207</id>
      <timestamp>1510215360384</timestamp>
      <number>207</number>
      <size>81200</size>
    </hudson.plugins.disk__usage.DiskUsageBuildInformation>
    <hudson.plugins.disk__usage.DiskUsageBuildInformation>
      <id>208</id>
      <timestamp>1510215660384</timestamp>
      <number>208</number>
      <size>81200</size>
    </hudson.plugins.disk__usage.DiskUsageBuildInformation>
    <hudson.plugins.disk__usage.DiskUsageBuildInformation>
      <id>209</id>
      <timestamp>1510215960384</timestamp>
      <number>209</number>
      <size>81200</size>
    </hudson.plugins.disk__usage.DiskUsageBuildInformation>
    <hudson.plugins.disk__usage.DiskUsageBuildInformation>
      <id>210</id>
      <timestamp>1510216260382</timestamp>
      <number>210</number>
      <size>81200</size>
    </hudson.plugins.disk__usage.DiskUsageBuildInformation>
    <hudson.plugins.disk__usage.DiskUsageBuildInformation>
      <id>211</id>
      <timestamp>1510216560384</timestamp>
      <number>211</number>
      <size>81200</size>
    </hudson.plugins.disk__usage.DiskUsageBuildInformation>
    <hudson.plugins.disk__usage.DiskUsageBuildInformation>
      <id>212</id>
      <timestamp>1510216860383</timestamp>
      <number>212</number>
      <size>81200</size>
    </hudson.plugins.disk__usage.DiskUsageBuildInformation>
    <hudson.plugins.disk__usage.DiskUsageBuildInformation>
      <id>213</id>
      <timestamp>1510217160383</timestamp>
      <number>213</number>
      <size>81200</size>
    </hudson.plugins.disk__usage.DiskUsageBuildInformation>
    <hudson.plugins.disk__usage.DiskUsageBuildInformation>
      <id>214</id>
      <timestamp>1510217460383</timestamp>
      <number>214</number>
      <size>81200</size>
    </hudson.plugins.disk__usage.DiskUsageBuildInformation>
    <hudson.plugins.disk__usage.DiskUsageBuildInformation>
      <id>215</id>
      <timestamp>1510217760383</timestamp>
      <number>215</number>
      <size>81200</size>
    </hudson.plugins.disk__usage.DiskUsageBuildInformation>
    <hudson.plugins.disk__usage.DiskUsageBuildInformation>
      <id>216</id>
      <timestamp>1510218060384</timestamp>
      <number>216</number>
      <size>1810</size>
    </hudson.plugins.disk__usage.DiskUsageBuildInformation>
    <hudson.plugins.disk__usage.DiskUsageBuildInformation>
      <id>217</id>
      <timestamp>1510218360383</timestamp>
      <number>217</number>
      <size>81246</size>
    </hudson.plugins.disk__usage.DiskUsageBuildInformation>
    <hudson.plugins.disk__usage.DiskUsageBuildInformation>
      <id>218</id>
      <timestamp>1510218660384</timestamp>
      <number>218</number>
      <size>81246</size>
    </hudson.plugins.disk__usage.DiskUsageBuildInformation>
    <hudson.plugins.disk__usage.DiskUsageBuildInformation>
      <id>219</id>
      <timestamp>1510218960384</timestamp>
      <number>219</number>
      <size>81246</size>
    </hudson.plugins.disk__usage.DiskUsageBuildInformation>
    <hudson.plugins.disk__usage.DiskUsageBuildInformation>
      <id>220</id>
      <timestamp>1510219260384</timestamp>
      <number>220</number>
      <size>81245</size>
    </hudson.plugins.disk__usage.DiskUsageBuildInformation>
    <hudson.plugins.disk__usage.DiskUsageBuildInformation>
      <id>221</id>
      <timestamp>1510219560383</timestamp>
      <number>221</number>
      <size>81246</size>
    </hudson.plugins.disk__usage.DiskUsageBuildInformation>
    <hudson.plugins.disk__usage.DiskUsageBuildInformation>
      <id>222</id>
      <timestamp>1510219860384</timestamp>
      <number>222</number>
      <size>81245</size>
    </hudson.plugins.disk__usage.DiskUsageBuildInformation>
    <hudson.plugins.disk__usage.DiskUsageBuildInformation>
      <id>223</id>
      <timestamp>1510220160384</timestamp>
      <number>223</number>
      <size>81246</size>
    </hudson.plugins.disk__usage.DiskUsageBuildInformation>
    <hudson.plugins.disk__usage.DiskUsageBuildInformation>
      <id>224</id>
      <timestamp>1510220460383</timestamp>
      <number>224</number>
      <size>81246</size>
    </hudson.plugins.disk__usage.DiskUsageBuildInformation>
    <hudson.plugins.disk__usage.DiskUsageBuildInformation>
      <id>225</id>
      <timestamp>1510220760383</timestamp>
      <number>225</number>
      <size>81246</size>
    </hudson.plugins.disk__usage.DiskUsageBuildInformation>
    <hudson.plugins.disk__usage.DiskUsageBuildInformation>
      <id>226</id>
      <timestamp>1510221060383</timestamp>
      <number>226</number>
      <size>81246</size>
    </hudson.plugins.disk__usage.DiskUsageBuildInformation>
    <hudson.plugins.disk__usage.DiskUsageBuildInformation>
      <id>227</id>
      <timestamp>1510221360383</timestamp>
      <number>227</number>
      <size>81246</size>
    </hudson.plugins.disk__usage.DiskUsageBuildInformation>
    <hudson.plugins.disk__usage.DiskUsageBuildInformation>
      <id>228</id>
      <timestamp>1510221660384</timestamp>
      <number>228</number>
      <size>1715</size>
    </hudson.plugins.disk__usage.DiskUsageBuildInformation>
    <hudson.plugins.disk__usage.DiskUsageBuildInformation>
      <id>229</id>
      <timestamp>1510221960383</timestamp>
      <number>229</number>
      <size>1715</size>
    </hudson.plugins.disk__usage.DiskUsageBuildInformation>
    <hudson.plugins.disk__usage.DiskUsageBuildInformation>
      <id>230</id>
      <timestamp>1510222260384</timestamp>
      <number>230</number>
      <size>1715</size>
    </hudson.plugins.disk__usage.DiskUsageBuildInformation>
    <hudson.plugins.disk__usage.DiskUsageBuildInformation>
      <id>231</id>
      <timestamp>1510222560384</timestamp>
      <number>231</number>
      <size>1715</size>
    </hudson.plugins.disk__usage.DiskUsageBuildInformation>
    <hudson.plugins.disk__usage.DiskUsageBuildInformation>
      <id>232</id>
      <timestamp>1510222860384</timestamp>
      <number>232</number>
      <size>1715</size>
    </hudson.plugins.disk__usage.DiskUsageBuildInformation>
    <hudson.plugins.disk__usage.DiskUsageBuildInformation>
      <id>233</id>
      <timestamp>1510223160392</timestamp>
      <number>233</number>
      <size>1715</size>
    </hudson.plugins.disk__usage.DiskUsageBuildInformation>
    <hudson.plugins.disk__usage.DiskUsageBuildInformation>
      <id>234</id>
      <timestamp>1510223460384</timestamp>
      <number>234</number>
      <size>1715</size>
    </hudson.plugins.disk__usage.DiskUsageBuildInformation>
    <hudson.plugins.disk__usage.DiskUsageBuildInformation>
      <id>235</id>
      <timestamp>1510223760383</timestamp>
      <number>235</number>
      <size>1715</size>
    </hudson.plugins.disk__usage.DiskUsageBuildInformation>
    <hudson.plugins.disk__usage.DiskUsageBuildInformation>
      <id>236</id>
      <timestamp>1510224060384</timestamp>
      <number>236</number>
      <size>1714</size>
    </hudson.plugins.disk__usage.DiskUsageBuildInformation>
    <hudson.plugins.disk__usage.DiskUsageBuildInformation>
      <id>237</id>
      <timestamp>1510224360384</timestamp>
      <number>237</number>
      <size>1715</size>
    </hudson.plugins.disk__usage.DiskUsageBuildInformation>
    <hudson.plugins.disk__usage.DiskUsageBuildInformation>
      <id>238</id>
      <timestamp>1510224660384</timestamp>
      <number>238</number>
      <size>1715</size>
    </hudson.plugins.disk__usage.DiskUsageBuildInformation>
    <hudson.plugins.disk__usage.DiskUsageBuildInformation>
      <id>239</id>
      <timestamp>1510224960384</timestamp>
      <number>239</number>
      <size>1715</size>
    </hudson.plugins.disk__usage.DiskUsageBuildInformation>
    <hudson.plugins.disk__usage.DiskUsageBuildInformation>
      <id>240</id>
      <timestamp>1510225260384</timestamp>
      <number>240</number>
      <size>1863</size>
    </hudson.plugins.disk__usage.DiskUsageBuildInformation>
    <hudson.plugins.disk__usage.DiskUsageBuildInformation>
      <id>241</id>
      <timestamp>1510225560383</timestamp>
      <number>241</number>
      <size>81337</size>
    </hudson.plugins.disk__usage.DiskUsageBuildInformation>
    <hudson.plugins.disk__usage.DiskUsageBuildInformation>
      <id>242</id>
      <timestamp>1510225860384</timestamp>
      <number>242</number>
      <size>81338</size>
    </hudson.plugins.disk__usage.DiskUsageBuildInformation>
    <hudson.plugins.disk__usage.DiskUsageBuildInformation>
      <id>243</id>
      <timestamp>1510226160384</timestamp>
      <number>243</number>
      <size>81338</size>
    </hudson.plugins.disk__usage.DiskUsageBuildInformation>
    <hudson.plugins.disk__usage.DiskUsageBuildInformation>
      <id>244</id>
      <timestamp>1510226460383</timestamp>
      <number>244</number>
      <size>81338</size>
    </hudson.plugins.disk__usage.DiskUsageBuildInformation>
    <hudson.plugins.disk__usage.DiskUsageBuildInformation>
      <id>245</id>
      <timestamp>1510226760383</timestamp>
      <number>245</number>
      <size>81338</size>
    </hudson.plugins.disk__usage.DiskUsageBuildInformation>
    <hudson.plugins.disk__usage.DiskUsageBuildInformation>
      <id>246</id>
      <timestamp>1510227060383</timestamp>
      <number>246</number>
      <size>81338</size>
    </hudson.plugins.disk__usage.DiskUsageBuildInformation>
    <hudson.plugins.disk__usage.DiskUsageBuildInformation>
      <id>247</id>
      <timestamp>1510227360383</timestamp>
      <number>247</number>
      <size>81338</size>
    </hudson.plugins.disk__usage.DiskUsageBuildInformation>
    <hudson.plugins.disk__usage.DiskUsageBuildInformation>
      <id>248</id>
      <timestamp>1510227660383</timestamp>
      <number>248</number>
      <size>81338</size>
    </hudson.plugins.disk__usage.DiskUsageBuildInformation>
    <hudson.plugins.disk__usage.DiskUsageBuildInformation>
      <id>249</id>
      <timestamp>1510227960383</timestamp>
      <number>249</number>
      <size>81338</size>
    </hudson.plugins.disk__usage.DiskUsageBuildInformation>
    <hudson.plugins.disk__usage.DiskUsageBuildInformation>
      <id>250</id>
      <timestamp>1510228260383</timestamp>
      <number>250</number>
      <size>81338</size>
    </hudson.plugins.disk__usage.DiskUsageBuildInformation>
    <hudson.plugins.disk__usage.DiskUsageBuildInformation>
      <id>251</id>
      <timestamp>1510228560384</timestamp>
      <number>251</number>
      <size>81338</size>
    </hudson.plugins.disk__usage.DiskUsageBuildInformation>
    <hudson.plugins.disk__usage.DiskUsageBuildInformation>
      <id>252</id>
      <timestamp>1510228860383</timestamp>
      <number>252</number>
      <size>1810</size>
    </hudson.plugins.disk__usage.DiskUsageBuildInformation>
    <hudson.plugins.disk__usage.DiskUsageBuildInformation>
      <id>253</id>
      <timestamp>1510229160385</timestamp>
      <number>253</number>
      <size>81383</size>
    </hudson.plugins.disk__usage.DiskUsageBuildInformation>
    <hudson.plugins.disk__usage.DiskUsageBuildInformation>
      <id>254</id>
      <timestamp>1510229460384</timestamp>
      <number>254</number>
      <size>81384</size>
    </hudson.plugins.disk__usage.DiskUsageBuildInformation>
    <hudson.plugins.disk__usage.DiskUsageBuildInformation>
      <id>255</id>
      <timestamp>1510229760384</timestamp>
      <number>255</number>
      <size>81384</size>
    </hudson.plugins.disk__usage.DiskUsageBuildInformation>
    <hudson.plugins.disk__usage.DiskUsageBuildInformation>
      <id>256</id>
      <timestamp>1510230060384</timestamp>
      <number>256</number>
      <size>81384</size>
    </hudson.plugins.disk__usage.DiskUsageBuildInformation>
    <hudson.plugins.disk__usage.DiskUsageBuildInformation>
      <id>257</id>
      <timestamp>1510230360387</timestamp>
      <number>257</number>
      <size>81384</size>
    </hudson.plugins.disk__usage.DiskUsageBuildInformation>
    <hudson.plugins.disk__usage.DiskUsageBuildInformation>
      <id>258</id>
      <timestamp>1510230660387</timestamp>
      <number>258</number>
      <size>81384</size>
    </hudson.plugins.disk__usage.DiskUsageBuildInformation>
    <hudson.plugins.disk__usage.DiskUsageBuildInformation>
      <id>259</id>
      <timestamp>1510230960386</timestamp>
      <number>259</number>
      <size>81384</size>
    </hudson.plugins.disk__usage.DiskUsageBuildInformation>
    <hudson.plugins.disk__usage.DiskUsageBuildInformation>
      <id>260</id>
      <timestamp>1510231260399</timestamp>
      <number>260</number>
      <size>81384</size>
    </hudson.plugins.disk__usage.DiskUsageBuildInformation>
    <hudson.plugins.disk__usage.DiskUsageBuildInformation>
      <id>261</id>
      <timestamp>1510231560386</timestamp>
      <number>261</number>
      <size>81384</size>
    </hudson.plugins.disk__usage.DiskUsageBuildInformation>
    <hudson.plugins.disk__usage.DiskUsageBuildInformation>
      <id>262</id>
      <timestamp>1510231860385</timestamp>
      <number>262</number>
      <size>81384</size>
    </hudson.plugins.disk__usage.DiskUsageBuildInformation>
    <hudson.plugins.disk__usage.DiskUsageBuildInformation>
      <id>263</id>
      <timestamp>1510232160389</timestamp>
      <number>263</number>
      <size>81384</size>
    </hudson.plugins.disk__usage.DiskUsageBuildInformation>
    <hudson.plugins.disk__usage.DiskUsageBuildInformation>
      <id>264</id>
      <timestamp>1510232460390</timestamp>
      <number>264</number>
      <size>81710</size>
    </hudson.plugins.disk__usage.DiskUsageBuildInformation>
    <hudson.plugins.disk__usage.DiskUsageBuildInformation>
      <id>265</id>
      <timestamp>1510232760384</timestamp>
      <number>265</number>
      <size>81710</size>
    </hudson.plugins.disk__usage.DiskUsageBuildInformation>
    <hudson.plugins.disk__usage.DiskUsageBuildInformation>
      <id>266</id>
      <timestamp>1510233060383</timestamp>
      <number>266</number>
      <size>81710</size>
    </hudson.plugins.disk__usage.DiskUsageBuildInformation>
    <hudson.plugins.disk__usage.DiskUsageBuildInformation>
      <id>267</id>
      <timestamp>1510233360387</timestamp>
      <number>267</number>
      <size>81710</size>
    </hudson.plugins.disk__usage.DiskUsageBuildInformation>
    <hudson.plugins.disk__usage.DiskUsageBuildInformation>
      <id>268</id>
      <timestamp>1510233660387</timestamp>
      <number>268</number>
      <size>81710</size>
    </hudson.plugins.disk__usage.DiskUsageBuildInformation>
    <hudson.plugins.disk__usage.DiskUsageBuildInformation>
      <id>269</id>
      <timestamp>1510233960386</timestamp>
      <number>269</number>
      <size>81710</size>
    </hudson.plugins.disk__usage.DiskUsageBuildInformation>
    <hudson.plugins.disk__usage.DiskUsageBuildInformation>
      <id>270</id>
      <timestamp>1510234260387</timestamp>
      <number>270</number>
      <size>81710</size>
    </hudson.plugins.disk__usage.DiskUsageBuildInformation>
    <hudson.plugins.disk__usage.DiskUsageBuildInformation>
      <id>271</id>
      <timestamp>1510234560383</timestamp>
      <number>271</number>
      <size>81710</size>
    </hudson.plugins.disk__usage.DiskUsageBuildInformation>
    <hudson.plugins.disk__usage.DiskUsageBuildInformation>
      <id>272</id>
      <timestamp>1510234860384</timestamp>
      <number>272</number>
      <size>81710</size>
    </hudson.plugins.disk__usage.DiskUsageBuildInformation>
    <hudson.plugins.disk__usage.DiskUsageBuildInformation>
      <id>273</id>
      <timestamp>1510235160387</timestamp>
      <number>273</number>
      <size>81710</size>
    </hudson.plugins.disk__usage.DiskUsageBuildInformation>
    <hudson.plugins.disk__usage.DiskUsageBuildInformation>
      <id>274</id>
      <timestamp>1510235460384</timestamp>
      <number>274</number>
      <size>81710</size>
    </hudson.plugins.disk__usage.DiskUsageBuildInformation>
    <hudson.plugins.disk__usage.DiskUsageBuildInformation>
      <id>275</id>
      <timestamp>1510235760383</timestamp>
      <number>275</number>
      <size>81710</size>
    </hudson.plugins.disk__usage.DiskUsageBuildInformation>
    <hudson.plugins.disk__usage.DiskUsageBuildInformation>
      <id>276</id>
      <timestamp>1510236060383</timestamp>
      <number>276</number>
      <size>81790</size>
    </hudson.plugins.disk__usage.DiskUsageBuildInformation>
    <hudson.plugins.disk__usage.DiskUsageBuildInformation>
      <id>277</id>
      <timestamp>1510236360383</timestamp>
      <number>277</number>
      <size>81790</size>
    </hudson.plugins.disk__usage.DiskUsageBuildInformation>
    <hudson.plugins.disk__usage.DiskUsageBuildInformation>
      <id>278</id>
      <timestamp>1510236660389</timestamp>
      <number>278</number>
      <size>81789</size>
    </hudson.plugins.disk__usage.DiskUsageBuildInformation>
    <hudson.plugins.disk__usage.DiskUsageBuildInformation>
      <id>279</id>
      <timestamp>1510236960391</timestamp>
      <number>279</number>
      <size>81790</size>
    </hudson.plugins.disk__usage.DiskUsageBuildInformation>
    <hudson.plugins.disk__usage.DiskUsageBuildInformation>
      <id>280</id>
      <timestamp>1510237260384</timestamp>
      <number>280</number>
      <size>81790</size>
    </hudson.plugins.disk__usage.DiskUsageBuildInformation>
    <hudson.plugins.disk__usage.DiskUsageBuildInformation>
      <id>281</id>
      <timestamp>1510237560386</timestamp>
      <number>281</number>
      <size>81790</size>
    </hudson.plugins.disk__usage.DiskUsageBuildInformation>
    <hudson.plugins.disk__usage.DiskUsageBuildInformation>
      <id>282</id>
      <timestamp>1510237860384</timestamp>
      <number>282</number>
      <size>81790</size>
    </hudson.plugins.disk__usage.DiskUsageBuildInformation>
    <hudson.plugins.disk__usage.DiskUsageBuildInformation>
      <id>283</id>
      <timestamp>1510238160384</timestamp>
      <number>283</number>
      <size>81790</size>
    </hudson.plugins.disk__usage.DiskUsageBuildInformation>
    <hudson.plugins.disk__usage.DiskUsageBuildInformation>
      <id>284</id>
      <timestamp>1510238460384</timestamp>
      <number>284</number>
      <size>81790</size>
    </hudson.plugins.disk__usage.DiskUsageBuildInformation>
    <hudson.plugins.disk__usage.DiskUsageBuildInformation>
      <id>285</id>
      <timestamp>1510238760385</timestamp>
      <number>285</number>
      <size>81790</size>
    </hudson.plugins.disk__usage.DiskUsageBuildInformation>
    <hudson.plugins.disk__usage.DiskUsageBuildInformation>
      <id>286</id>
      <timestamp>1510239060384</timestamp>
      <number>286</number>
      <size>81790</size>
    </hudson.plugins.disk__usage.DiskUsageBuildInformation>
    <hudson.plugins.disk__usage.DiskUsageBuildInformation>
      <id>287</id>
      <timestamp>1510239360384</timestamp>
      <number>287</number>
      <size>81789</size>
    </hudson.plugins.disk__usage.DiskUsageBuildInformation>
    <hudson.plugins.disk__usage.DiskUsageBuildInformation>
      <id>288</id>
      <timestamp>1510239660385</timestamp>
      <number>288</number>
      <size>81870</size>
    </hudson.plugins.disk__usage.DiskUsageBuildInformation>
    <hudson.plugins.disk__usage.DiskUsageBuildInformation>
      <id>289</id>
      <timestamp>1510239960388</timestamp>
      <number>289</number>
      <size>81870</size>
    </hudson.plugins.disk__usage.DiskUsageBuildInformation>
    <hudson.plugins.disk__usage.DiskUsageBuildInformation>
      <id>290</id>
      <timestamp>1510240260383</timestamp>
      <number>290</number>
      <size>81870</size>
    </hudson.plugins.disk__usage.DiskUsageBuildInformation>
    <hudson.plugins.disk__usage.DiskUsageBuildInformation>
      <id>291</id>
      <timestamp>1510240560385</timestamp>
      <number>291</number>
      <size>81870</size>
    </hudson.plugins.disk__usage.DiskUsageBuildInformation>
    <hudson.plugins.disk__usage.DiskUsageBuildInformation>
      <id>292</id>
      <timestamp>1510240860393</timestamp>
      <number>292</number>
      <size>81870</size>
    </hudson.plugins.disk__usage.DiskUsageBuildInformation>
    <hudson.plugins.disk__usage.DiskUsageBuildInformation>
      <id>293</id>
      <timestamp>1510241160388</timestamp>
      <number>293</number>
      <size>81870</size>
    </hudson.plugins.disk__usage.DiskUsageBuildInformation>
    <hudson.plugins.disk__usage.DiskUsageBuildInformation>
      <id>294</id>
      <timestamp>1510241460386</timestamp>
      <number>294</number>
      <size>81870</size>
    </hudson.plugins.disk__usage.DiskUsageBuildInformation>
    <hudson.plugins.disk__usage.DiskUsageBuildInformation>
      <id>295</id>
      <timestamp>1510241760383</timestamp>
      <number>295</number>
      <size>81870</size>
    </hudson.plugins.disk__usage.DiskUsageBuildInformation>
    <hudson.plugins.disk__usage.DiskUsageBuildInformation>
      <id>296</id>
      <timestamp>1510242060387</timestamp>
      <number>296</number>
      <size>81870</size>
    </hudson.plugins.disk__usage.DiskUsageBuildInformation>
    <hudson.plugins.disk__usage.DiskUsageBuildInformation>
      <id>297</id>
      <timestamp>1510242360386</timestamp>
      <number>297</number>
      <size>81870</size>
    </hudson.plugins.disk__usage.DiskUsageBuildInformation>
    <hudson.plugins.disk__usage.DiskUsageBuildInformation>
      <id>298</id>
      <timestamp>1510242660388</timestamp>
      <number>298</number>
      <size>81870</size>
    </hudson.plugins.disk__usage.DiskUsageBuildInformation>
    <hudson.plugins.disk__usage.DiskUsageBuildInformation>
      <id>299</id>
      <timestamp>1510242960384</timestamp>
      <number>299</number>
      <size>81870</size>
    </hudson.plugins.disk__usage.DiskUsageBuildInformation>
    <hudson.plugins.disk__usage.DiskUsageBuildInformation>
      <id>300</id>
      <timestamp>1510243260386</timestamp>
      <number>300</number>
      <size>81950</size>
    </hudson.plugins.disk__usage.DiskUsageBuildInformation>
    <hudson.plugins.disk__usage.DiskUsageBuildInformation>
      <id>301</id>
      <timestamp>1510243560387</timestamp>
      <number>301</number>
      <size>81950</size>
    </hudson.plugins.disk__usage.DiskUsageBuildInformation>
    <hudson.plugins.disk__usage.DiskUsageBuildInformation>
      <id>302</id>
      <timestamp>1510243860386</timestamp>
      <number>302</number>
      <size>81950</size>
    </hudson.plugins.disk__usage.DiskUsageBuildInformation>
    <hudson.plugins.disk__usage.DiskUsageBuildInformation>
      <id>303</id>
      <timestamp>1510244160390</timestamp>
      <number>303</number>
      <size>81950</size>
    </hudson.plugins.disk__usage.DiskUsageBuildInformation>
    <hudson.plugins.disk__usage.DiskUsageBuildInformation>
      <id>304</id>
      <timestamp>1510244460385</timestamp>
      <number>304</number>
      <size>81950</size>
    </hudson.plugins.disk__usage.DiskUsageBuildInformation>
    <hudson.plugins.disk__usage.DiskUsageBuildInformation>
      <id>305</id>
      <timestamp>1510244760383</timestamp>
      <number>305</number>
      <size>81950</size>
    </hudson.plugins.disk__usage.DiskUsageBuildInformation>
    <hudson.plugins.disk__usage.DiskUsageBuildInformation>
      <id>306</id>
      <timestamp>1510245060384</timestamp>
      <number>306</number>
      <size>81949</size>
    </hudson.plugins.disk__usage.DiskUsageBuildInformation>
    <hudson.plugins.disk__usage.DiskUsageBuildInformation>
      <id>307</id>
      <timestamp>1510245360385</timestamp>
      <number>307</number>
      <size>81950</size>
    </hudson.plugins.disk__usage.DiskUsageBuildInformation>
    <hudson.plugins.disk__usage.DiskUsageBuildInformation>
      <id>308</id>
      <timestamp>1510245660385</timestamp>
      <number>308</number>
      <size>81950</size>
    </hudson.plugins.disk__usage.DiskUsageBuildInformation>
    <hudson.plugins.disk__usage.DiskUsageBuildInformation>
      <id>309</id>
      <timestamp>1510245960387</timestamp>
      <number>309</number>
      <size>81950</size>
    </hudson.plugins.disk__usage.DiskUsageBuildInformation>
    <hudson.plugins.disk__usage.DiskUsageBuildInformation>
      <id>310</id>
      <timestamp>1510246260384</timestamp>
      <number>310</number>
      <size>81950</size>
    </hudson.plugins.disk__usage.DiskUsageBuildInformation>
    <hudson.plugins.disk__usage.DiskUsageBuildInformation>
      <id>311</id>
      <timestamp>1510246560383</timestamp>
      <number>311</number>
      <size>81950</size>
    </hudson.plugins.disk__usage.DiskUsageBuildInformation>
    <hudson.plugins.disk__usage.DiskUsageBuildInformation>
      <id>312</id>
      <timestamp>1510246860386</timestamp>
      <number>312</number>
      <size>82030</size>
    </hudson.plugins.disk__usage.DiskUsageBuildInformation>
    <hudson.plugins.disk__usage.DiskUsageBuildInformation>
      <id>313</id>
      <timestamp>1510247160398</timestamp>
      <number>313</number>
      <size>82030</size>
    </hudson.plugins.disk__usage.DiskUsageBuildInformation>
    <hudson.plugins.disk__usage.DiskUsageBuildInformation>
      <id>314</id>
      <timestamp>1510247460385</timestamp>
      <number>314</number>
      <size>82030</size>
    </hudson.plugins.disk__usage.DiskUsageBuildInformation>
    <hudson.plugins.disk__usage.DiskUsageBuildInformation>
      <id>315</id>
      <timestamp>1510247760384</timestamp>
      <number>315</number>
      <size>82030</size>
    </hudson.plugins.disk__usage.DiskUsageBuildInformation>
    <hudson.plugins.disk__usage.DiskUsageBuildInformation>
      <id>316</id>
      <timestamp>1510248060384</timestamp>
      <number>316</number>
      <size>82030</size>
    </hudson.plugins.disk__usage.DiskUsageBuildInformation>
    <hudson.plugins.disk__usage.DiskUsageBuildInformation>
      <id>317</id>
      <timestamp>1510248360383</timestamp>
      <number>317</number>
      <size>82030</size>
    </hudson.plugins.disk__usage.DiskUsageBuildInformation>
    <hudson.plugins.disk__usage.DiskUsageBuildInformation>
      <id>318</id>
      <timestamp>1510248660383</timestamp>
      <number>318</number>
      <size>82030</size>
    </hudson.plugins.disk__usage.DiskUsageBuildInformation>
    <hudson.plugins.disk__usage.DiskUsageBuildInformation>
      <id>319</id>
      <timestamp>1510248960388</timestamp>
      <number>319</number>
      <size>82030</size>
    </hudson.plugins.disk__usage.DiskUsageBuildInformation>
    <hudson.plugins.disk__usage.DiskUsageBuildInformation>
      <id>320</id>
      <timestamp>1510249260396</timestamp>
      <number>320</number>
      <size>82030</size>
    </hudson.plugins.disk__usage.DiskUsageBuildInformation>
    <hudson.plugins.disk__usage.DiskUsageBuildInformation>
      <id>321</id>
      <timestamp>1510249560386</timestamp>
      <number>321</number>
      <size>82030</size>
    </hudson.plugins.disk__usage.DiskUsageBuildInformation>
    <hudson.plugins.disk__usage.DiskUsageBuildInformation>
      <id>322</id>
      <timestamp>1510249860384</timestamp>
      <number>322</number>
      <size>82030</size>
    </hudson.plugins.disk__usage.DiskUsageBuildInformation>
    <hudson.plugins.disk__usage.DiskUsageBuildInformation>
      <id>323</id>
      <timestamp>1510250160388</timestamp>
      <number>323</number>
      <size>82030</size>
    </hudson.plugins.disk__usage.DiskUsageBuildInformation>
    <hudson.plugins.disk__usage.DiskUsageBuildInformation>
      <id>324</id>
      <timestamp>1510250460384</timestamp>
      <number>324</number>
      <size>82110</size>
    </hudson.plugins.disk__usage.DiskUsageBuildInformation>
    <hudson.plugins.disk__usage.DiskUsageBuildInformation>
      <id>325</id>
      <timestamp>1510250760387</timestamp>
      <number>325</number>
      <size>82110</size>
    </hudson.plugins.disk__usage.DiskUsageBuildInformation>
    <hudson.plugins.disk__usage.DiskUsageBuildInformation>
      <id>326</id>
      <timestamp>1510251060396</timestamp>
      <number>326</number>
      <size>82110</size>
    </hudson.plugins.disk__usage.DiskUsageBuildInformation>
    <hudson.plugins.disk__usage.DiskUsageBuildInformation>
      <id>327</id>
      <timestamp>1510251360399</timestamp>
      <number>327</number>
      <size>82110</size>
    </hudson.plugins.disk__usage.DiskUsageBuildInformation>
    <hudson.plugins.disk__usage.DiskUsageBuildInformation>
      <id>328</id>
      <timestamp>1510251660384</timestamp>
      <number>328</number>
      <size>82110</size>
    </hudson.plugins.disk__usage.DiskUsageBuildInformation>
    <hudson.plugins.disk__usage.DiskUsageBuildInformation>
      <id>329</id>
      <timestamp>1510251960385</timestamp>
      <number>329</number>
      <size>82110</size>
    </hudson.plugins.disk__usage.DiskUsageBuildInformation>
    <hudson.plugins.disk__usage.DiskUsageBuildInformation>
      <id>330</id>
      <timestamp>1510252260390</timestamp>
      <number>330</number>
      <size>82109</size>
    </hudson.plugins.disk__usage.DiskUsageBuildInformation>
    <hudson.plugins.disk__usage.DiskUsageBuildInformation>
      <id>331</id>
      <timestamp>1510252560383</timestamp>
      <number>331</number>
      <size>82110</size>
    </hudson.plugins.disk__usage.DiskUsageBuildInformation>
    <hudson.plugins.disk__usage.DiskUsageBuildInformation>
      <id>332</id>
      <timestamp>1510252860383</timestamp>
      <number>332</number>
      <size>82110</size>
    </hudson.plugins.disk__usage.DiskUsageBuildInformation>
    <hudson.plugins.disk__usage.DiskUsageBuildInformation>
      <id>333</id>
      <timestamp>1510253160385</timestamp>
      <number>333</number>
      <size>82109</size>
    </hudson.plugins.disk__usage.DiskUsageBuildInformation>
    <hudson.plugins.disk__usage.DiskUsageBuildInformation>
      <id>334</id>
      <timestamp>1510253460383</timestamp>
      <number>334</number>
      <size>82110</size>
    </hudson.plugins.disk__usage.DiskUsageBuildInformation>
    <hudson.plugins.disk__usage.DiskUsageBuildInformation>
      <id>335</id>
      <timestamp>1510253760383</timestamp>
      <number>335</number>
      <size>82110</size>
    </hudson.plugins.disk__usage.DiskUsageBuildInformation>
    <hudson.plugins.disk__usage.DiskUsageBuildInformation>
      <id>336</id>
      <timestamp>1510254060388</timestamp>
      <number>336</number>
      <size>82190</size>
    </hudson.plugins.disk__usage.DiskUsageBuildInformation>
    <hudson.plugins.disk__usage.DiskUsageBuildInformation>
      <id>337</id>
      <timestamp>1510254360383</timestamp>
      <number>337</number>
      <size>82190</size>
    </hudson.plugins.disk__usage.DiskUsageBuildInformation>
    <hudson.plugins.disk__usage.DiskUsageBuildInformation>
      <id>338</id>
      <timestamp>1510254660386</timestamp>
      <number>338</number>
      <size>82190</size>
    </hudson.plugins.disk__usage.DiskUsageBuildInformation>
    <hudson.plugins.disk__usage.DiskUsageBuildInformation>
      <id>339</id>
      <timestamp>1510254960385</timestamp>
      <number>339</number>
      <size>82190</size>
    </hudson.plugins.disk__usage.DiskUsageBuildInformation>
    <hudson.plugins.disk__usage.DiskUsageBuildInformation>
      <id>340</id>
      <timestamp>1510255260385</timestamp>
      <number>340</number>
      <size>82189</size>
    </hudson.plugins.disk__usage.DiskUsageBuildInformation>
    <hudson.plugins.disk__usage.DiskUsageBuildInformation>
      <id>341</id>
      <timestamp>1510255560386</timestamp>
      <number>341</number>
      <size>82190</size>
    </hudson.plugins.disk__usage.DiskUsageBuildInformation>
    <hudson.plugins.disk__usage.DiskUsageBuildInformation>
      <id>342</id>
      <timestamp>1510255860385</timestamp>
      <number>342</number>
      <size>82190</size>
    </hudson.plugins.disk__usage.DiskUsageBuildInformation>
    <hudson.plugins.disk__usage.DiskUsageBuildInformation>
      <id>343</id>
      <timestamp>1510256160383</timestamp>
      <number>343</number>
      <size>82190</size>
    </hudson.plugins.disk__usage.DiskUsageBuildInformation>
    <hudson.plugins.disk__usage.DiskUsageBuildInformation>
      <id>344</id>
      <timestamp>1510256460383</timestamp>
      <number>344</number>
      <size>82190</size>
    </hudson.plugins.disk__usage.DiskUsageBuildInformation>
    <hudson.plugins.disk__usage.DiskUsageBuildInformation>
      <id>345</id>
      <timestamp>1510256760383</timestamp>
      <number>345</number>
      <size>82190</size>
    </hudson.plugins.disk__usage.DiskUsageBuildInformation>
    <hudson.plugins.disk__usage.DiskUsageBuildInformation>
      <id>346</id>
      <timestamp>1510257060386</timestamp>
      <number>346</number>
      <size>82190</size>
    </hudson.plugins.disk__usage.DiskUsageBuildInformation>
    <hudson.plugins.disk__usage.DiskUsageBuildInformation>
      <id>347</id>
      <timestamp>1510257360400</timestamp>
      <number>347</number>
      <size>82190</size>
    </hudson.plugins.disk__usage.DiskUsageBuildInformation>
    <hudson.plugins.disk__usage.DiskUsageBuildInformation>
      <id>348</id>
      <timestamp>1510257660387</timestamp>
      <number>348</number>
      <size>82270</size>
    </hudson.plugins.disk__usage.DiskUsageBuildInformation>
    <hudson.plugins.disk__usage.DiskUsageBuildInformation>
      <id>349</id>
      <timestamp>1510257960394</timestamp>
      <number>349</number>
      <size>82270</size>
    </hudson.plugins.disk__usage.DiskUsageBuildInformation>
    <hudson.plugins.disk__usage.DiskUsageBuildInformation>
      <id>350</id>
      <timestamp>1510258260384</timestamp>
      <number>350</number>
      <size>82270</size>
    </hudson.plugins.disk__usage.DiskUsageBuildInformation>
    <hudson.plugins.disk__usage.DiskUsageBuildInformation>
      <id>351</id>
      <timestamp>1510258560383</timestamp>
      <number>351</number>
      <size>82270</size>
    </hudson.plugins.disk__usage.DiskUsageBuildInformation>
    <hudson.plugins.disk__usage.DiskUsageBuildInformation>
      <id>352</id>
      <timestamp>1510258860397</timestamp>
      <number>352</number>
      <size>82270</size>
    </hudson.plugins.disk__usage.DiskUsageBuildInformation>
    <hudson.plugins.disk__usage.DiskUsageBuildInformation>
      <id>353</id>
      <timestamp>1510259160383</timestamp>
      <number>353</number>
      <size>82270</size>
    </hudson.plugins.disk__usage.DiskUsageBuildInformation>
    <hudson.plugins.disk__usage.DiskUsageBuildInformation>
      <id>354</id>
      <timestamp>1510259460384</timestamp>
      <number>354</number>
      <size>82270</size>
    </hudson.plugins.disk__usage.DiskUsageBuildInformation>
    <hudson.plugins.disk__usage.DiskUsageBuildInformation>
      <id>355</id>
      <timestamp>1510259760383</timestamp>
      <number>355</number>
      <size>82270</size>
    </hudson.plugins.disk__usage.DiskUsageBuildInformation>
    <hudson.plugins.disk__usage.DiskUsageBuildInformation>
      <id>356</id>
      <timestamp>1510260060383</timestamp>
      <number>356</number>
      <size>82270</size>
    </hudson.plugins.disk__usage.DiskUsageBuildInformation>
    <hudson.plugins.disk__usage.DiskUsageBuildInformation>
      <id>357</id>
      <timestamp>1510260360383</timestamp>
      <number>357</number>
      <size>82270</size>
    </hudson.plugins.disk__usage.DiskUsageBuildInformation>
    <hudson.plugins.disk__usage.DiskUsageBuildInformation>
      <id>358</id>
      <timestamp>1510260660383</timestamp>
      <number>358</number>
      <size>82270</size>
    </hudson.plugins.disk__usage.DiskUsageBuildInformation>
    <hudson.plugins.disk__usage.DiskUsageBuildInformation>
      <id>359</id>
      <timestamp>1510260960383</timestamp>
      <number>359</number>
      <size>82270</size>
    </hudson.plugins.disk__usage.DiskUsageBuildInformation>
    <hudson.plugins.disk__usage.DiskUsageBuildInformation>
      <id>360</id>
      <timestamp>1510261260384</timestamp>
      <number>360</number>
      <size>82350</size>
    </hudson.plugins.disk__usage.DiskUsageBuildInformation>
    <hudson.plugins.disk__usage.DiskUsageBuildInformation>
      <id>361</id>
      <timestamp>1510261560383</timestamp>
      <number>361</number>
      <size>82350</size>
    </hudson.plugins.disk__usage.DiskUsageBuildInformation>
    <hudson.plugins.disk__usage.DiskUsageBuildInformation>
      <id>362</id>
      <timestamp>1510261860384</timestamp>
      <number>362</number>
      <size>82350</size>
    </hudson.plugins.disk__usage.DiskUsageBuildInformation>
    <hudson.plugins.disk__usage.DiskUsageBuildInformation>
      <id>363</id>
      <timestamp>1510262160383</timestamp>
      <number>363</number>
      <size>82350</size>
    </hudson.plugins.disk__usage.DiskUsageBuildInformation>
    <hudson.plugins.disk__usage.DiskUsageBuildInformation>
      <id>364</id>
      <timestamp>1510262460383</timestamp>
      <number>364</number>
      <size>82350</size>
    </hudson.plugins.disk__usage.DiskUsageBuildInformation>
    <hudson.plugins.disk__usage.DiskUsageBuildInformation>
      <id>365</id>
      <timestamp>1510262760383</timestamp>
      <number>365</number>
      <size>82350</size>
    </hudson.plugins.disk__usage.DiskUsageBuildInformation>
    <hudson.plugins.disk__usage.DiskUsageBuildInformation>
      <id>366</id>
      <timestamp>1510263060384</timestamp>
      <number>366</number>
      <size>82350</size>
    </hudson.plugins.disk__usage.DiskUsageBuildInformation>
    <hudson.plugins.disk__usage.DiskUsageBuildInformation>
      <id>367</id>
      <timestamp>1510263360384</timestamp>
      <number>367</number>
      <size>82350</size>
    </hudson.plugins.disk__usage.DiskUsageBuildInformation>
    <hudson.plugins.disk__usage.DiskUsageBuildInformation>
      <id>368</id>
      <timestamp>1510263660384</timestamp>
      <number>368</number>
      <size>82350</size>
    </hudson.plugins.disk__usage.DiskUsageBuildInformation>
    <hudson.plugins.disk__usage.DiskUsageBuildInformation>
      <id>369</id>
      <timestamp>1510263960383</timestamp>
      <number>369</number>
      <size>82350</size>
    </hudson.plugins.disk__usage.DiskUsageBuildInformation>
    <hudson.plugins.disk__usage.DiskUsageBuildInformation>
      <id>370</id>
      <timestamp>1510264260383</timestamp>
      <number>370</number>
      <size>82350</size>
    </hudson.plugins.disk__usage.DiskUsageBuildInformation>
    <hudson.plugins.disk__usage.DiskUsageBuildInformation>
      <id>371</id>
      <timestamp>1510264560384</timestamp>
      <number>371</number>
      <size>82350</size>
    </hudson.plugins.disk__usage.DiskUsageBuildInformation>
    <hudson.plugins.disk__usage.DiskUsageBuildInformation>
      <id>372</id>
      <timestamp>1510264860384</timestamp>
      <number>372</number>
      <size>82430</size>
    </hudson.plugins.disk__usage.DiskUsageBuildInformation>
    <hudson.plugins.disk__usage.DiskUsageBuildInformation>
      <id>373</id>
      <timestamp>1510265160383</timestamp>
      <number>373</number>
      <size>82430</size>
    </hudson.plugins.disk__usage.DiskUsageBuildInformation>
    <hudson.plugins.disk__usage.DiskUsageBuildInformation>
      <id>374</id>
      <timestamp>1510265460384</timestamp>
      <number>374</number>
      <size>82430</size>
    </hudson.plugins.disk__usage.DiskUsageBuildInformation>
    <hudson.plugins.disk__usage.DiskUsageBuildInformation>
      <id>375</id>
      <timestamp>1510265760384</timestamp>
      <number>375</number>
      <size>82430</size>
    </hudson.plugins.disk__usage.DiskUsageBuildInformation>
    <hudson.plugins.disk__usage.DiskUsageBuildInformation>
      <id>376</id>
      <timestamp>1510266060384</timestamp>
      <number>376</number>
      <size>82430</size>
    </hudson.plugins.disk__usage.DiskUsageBuildInformation>
    <hudson.plugins.disk__usage.DiskUsageBuildInformation>
      <id>377</id>
      <timestamp>1510266360383</timestamp>
      <number>377</number>
      <size>82430</size>
    </hudson.plugins.disk__usage.DiskUsageBuildInformation>
    <hudson.plugins.disk__usage.DiskUsageBuildInformation>
      <id>378</id>
      <timestamp>1510266660383</timestamp>
      <number>378</number>
      <size>82430</size>
    </hudson.plugins.disk__usage.DiskUsageBuildInformation>
    <hudson.plugins.disk__usage.DiskUsageBuildInformation>
      <id>379</id>
      <timestamp>1510266960384</timestamp>
      <number>379</number>
      <size>82430</size>
    </hudson.plugins.disk__usage.DiskUsageBuildInformation>
    <hudson.plugins.disk__usage.DiskUsageBuildInformation>
      <id>380</id>
      <timestamp>1510267260383</timestamp>
      <number>380</number>
      <size>82430</size>
    </hudson.plugins.disk__usage.DiskUsageBuildInformation>
    <hudson.plugins.disk__usage.DiskUsageBuildInformation>
      <id>381</id>
      <timestamp>1510267560383</timestamp>
      <number>381</number>
      <size>82430</size>
    </hudson.plugins.disk__usage.DiskUsageBuildInformation>
    <hudson.plugins.disk__usage.DiskUsageBuildInformation>
      <id>382</id>
      <timestamp>1510267860384</timestamp>
      <number>382</number>
      <size>82430</size>
    </hudson.plugins.disk__usage.DiskUsageBuildInformation>
    <hudson.plugins.disk__usage.DiskUsageBuildInformation>
      <id>383</id>
      <timestamp>1510268160383</timestamp>
      <number>383</number>
      <size>82430</size>
    </hudson.plugins.disk__usage.DiskUsageBuildInformation>
    <hudson.plugins.disk__usage.DiskUsageBuildInformation>
      <id>384</id>
      <timestamp>1510268460384</timestamp>
      <number>384</number>
      <size>82510</size>
    </hudson.plugins.disk__usage.DiskUsageBuildInformation>
    <hudson.plugins.disk__usage.DiskUsageBuildInformation>
      <id>385</id>
      <timestamp>1510268760383</timestamp>
      <number>385</number>
      <size>82510</size>
    </hudson.plugins.disk__usage.DiskUsageBuildInformation>
    <hudson.plugins.disk__usage.DiskUsageBuildInformation>
      <id>386</id>
      <timestamp>1510269060384</timestamp>
      <number>386</number>
      <size>82510</size>
    </hudson.plugins.disk__usage.DiskUsageBuildInformation>
    <hudson.plugins.disk__usage.DiskUsageBuildInformation>
      <id>387</id>
      <timestamp>1510269360383</timestamp>
      <number>387</number>
      <size>82510</size>
    </hudson.plugins.disk__usage.DiskUsageBuildInformation>
    <hudson.plugins.disk__usage.DiskUsageBuildInformation>
      <id>388</id>
      <timestamp>1510269660383</timestamp>
      <number>388</number>
      <size>82510</size>
    </hudson.plugins.disk__usage.DiskUsageBuildInformation>
    <hudson.plugins.disk__usage.DiskUsageBuildInformation>
      <id>389</id>
      <timestamp>1510269960383</timestamp>
      <number>389</number>
      <size>82510</size>
    </hudson.plugins.disk__usage.DiskUsageBuildInformation>
    <hudson.plugins.disk__usage.DiskUsageBuildInformation>
      <id>390</id>
      <timestamp>1510270260384</timestamp>
      <number>390</number>
      <size>82510</size>
    </hudson.plugins.disk__usage.DiskUsageBuildInformation>
    <hudson.plugins.disk__usage.DiskUsageBuildInformation>
      <id>391</id>
      <timestamp>1510270560383</timestamp>
      <number>391</number>
      <size>82510</size>
    </hudson.plugins.disk__usage.DiskUsageBuildInformation>
    <hudson.plugins.disk__usage.DiskUsageBuildInformation>
      <id>392</id>
      <timestamp>1510270860383</timestamp>
      <number>392</number>
      <size>82510</size>
    </hudson.plugins.disk__usage.DiskUsageBuildInformation>
    <hudson.plugins.disk__usage.DiskUsageBuildInformation>
      <id>393</id>
      <timestamp>1510271160383</timestamp>
      <number>393</number>
      <size>82510</size>
    </hudson.plugins.disk__usage.DiskUsageBuildInformation>
    <hudson.plugins.disk__usage.DiskUsageBuildInformation>
      <id>394</id>
      <timestamp>1510271460383</timestamp>
      <number>394</number>
      <size>82510</size>
    </hudson.plugins.disk__usage.DiskUsageBuildInformation>
    <hudson.plugins.disk__usage.DiskUsageBuildInformation>
      <id>395</id>
      <timestamp>1510271760383</timestamp>
      <number>395</number>
      <size>82510</size>
    </hudson.plugins.disk__usage.DiskUsageBuildInformation>
    <hudson.plugins.disk__usage.DiskUsageBuildInformation>
      <id>396</id>
      <timestamp>1510272060383</timestamp>
      <number>396</number>
      <size>82510</size>
    </hudson.plugins.disk__usage.DiskUsageBuildInformation>
    <hudson.plugins.disk__usage.DiskUsageBuildInformation>
      <id>397</id>
      <timestamp>1510272360383</timestamp>
      <number>397</number>
      <size>82510</size>
    </hudson.plugins.disk__usage.DiskUsageBuildInformation>
    <hudson.plugins.disk__usage.DiskUsageBuildInformation>
      <id>398</id>
      <timestamp>1510272660384</timestamp>
      <number>398</number>
      <size>82510</size>
    </hudson.plugins.disk__usage.DiskUsageBuildInformation>
    <hudson.plugins.disk__usage.DiskUsageBuildInformation>
      <id>399</id>
      <timestamp>1510272960384</timestamp>
      <number>399</number>
      <size>82510</size>
    </hudson.plugins.disk__usage.DiskUsageBuildInformation>
    <hudson.plugins.disk__usage.DiskUsageBuildInformation>
      <id>400</id>
      <timestamp>1510273260384</timestamp>
      <number>400</number>
      <size>82510</size>
    </hudson.plugins.disk__usage.DiskUsageBuildInformation>
    <hudson.plugins.disk__usage.DiskUsageBuildInformation>
      <id>401</id>
      <timestamp>1510273560384</timestamp>
      <number>401</number>
      <size>82510</size>
    </hudson.plugins.disk__usage.DiskUsageBuildInformation>
    <hudson.plugins.disk__usage.DiskUsageBuildInformation>
      <id>402</id>
      <timestamp>1510273860384</timestamp>
      <number>402</number>
      <size>82510</size>
    </hudson.plugins.disk__usage.DiskUsageBuildInformation>
    <hudson.plugins.disk__usage.DiskUsageBuildInformation>
      <id>403</id>
      <timestamp>1510274160383</timestamp>
      <number>403</number>
      <size>82510</size>
    </hudson.plugins.disk__usage.DiskUsageBuildInformation>
    <hudson.plugins.disk__usage.DiskUsageBuildInformation>
      <id>404</id>
      <timestamp>1510274460384</timestamp>
      <number>404</number>
      <size>82510</size>
    </hudson.plugins.disk__usage.DiskUsageBuildInformation>
    <hudson.plugins.disk__usage.DiskUsageBuildInformation>
      <id>405</id>
      <timestamp>1510274760383</timestamp>
      <number>405</number>
      <size>82510</size>
    </hudson.plugins.disk__usage.DiskUsageBuildInformation>
    <hudson.plugins.disk__usage.DiskUsageBuildInformation>
      <id>406</id>
      <timestamp>1510275060383</timestamp>
      <number>406</number>
      <size>82510</size>
    </hudson.plugins.disk__usage.DiskUsageBuildInformation>
    <hudson.plugins.disk__usage.DiskUsageBuildInformation>
      <id>407</id>
      <timestamp>1510275360384</timestamp>
      <number>407</number>
      <size>82510</size>
    </hudson.plugins.disk__usage.DiskUsageBuildInformation>
    <hudson.plugins.disk__usage.DiskUsageBuildInformation>
      <id>408</id>
      <timestamp>1510275660383</timestamp>
      <number>408</number>
      <size>82510</size>
    </hudson.plugins.disk__usage.DiskUsageBuildInformation>
    <hudson.plugins.disk__usage.DiskUsageBuildInformation>
      <id>409</id>
      <timestamp>1510275960383</timestamp>
      <number>409</number>
      <size>82510</size>
    </hudson.plugins.disk__usage.DiskUsageBuildInformation>
    <hudson.plugins.disk__usage.DiskUsageBuildInformation>
      <id>410</id>
      <timestamp>1510276260383</timestamp>
      <number>410</number>
      <size>82510</size>
    </hudson.plugins.disk__usage.DiskUsageBuildInformation>
    <hudson.plugins.disk__usage.DiskUsageBuildInformation>
      <id>411</id>
      <timestamp>1510276560384</timestamp>
      <number>411</number>
      <size>82510</size>
    </hudson.plugins.disk__usage.DiskUsageBuildInformation>
    <hudson.plugins.disk__usage.DiskUsageBuildInformation>
      <id>412</id>
      <timestamp>1510276860383</timestamp>
      <number>412</number>
      <size>82510</size>
    </hudson.plugins.disk__usage.DiskUsageBuildInformation>
    <hudson.plugins.disk__usage.DiskUsageBuildInformation>
      <id>413</id>
      <timestamp>1510277160384</timestamp>
      <number>413</number>
      <size>82509</size>
    </hudson.plugins.disk__usage.DiskUsageBuildInformation>
    <hudson.plugins.disk__usage.DiskUsageBuildInformation>
      <id>414</id>
      <timestamp>1510277460383</timestamp>
      <number>414</number>
      <size>82510</size>
    </hudson.plugins.disk__usage.DiskUsageBuildInformation>
    <hudson.plugins.disk__usage.DiskUsageBuildInformation>
      <id>415</id>
      <timestamp>1510277760384</timestamp>
      <number>415</number>
      <size>82510</size>
    </hudson.plugins.disk__usage.DiskUsageBuildInformation>
    <hudson.plugins.disk__usage.DiskUsageBuildInformation>
      <id>416</id>
      <timestamp>1510278060384</timestamp>
      <number>416</number>
      <size>82510</size>
    </hudson.plugins.disk__usage.DiskUsageBuildInformation>
    <hudson.plugins.disk__usage.DiskUsageBuildInformation>
      <id>417</id>
      <timestamp>1510278360383</timestamp>
      <number>417</number>
      <size>82510</size>
    </hudson.plugins.disk__usage.DiskUsageBuildInformation>
    <hudson.plugins.disk__usage.DiskUsageBuildInformation>
      <id>418</id>
      <timestamp>1510278660389</timestamp>
      <number>418</number>
      <size>82509</size>
    </hudson.plugins.disk__usage.DiskUsageBuildInformation>
    <hudson.plugins.disk__usage.DiskUsageBuildInformation>
      <id>419</id>
      <timestamp>1510278960384</timestamp>
      <number>419</number>
      <size>82510</size>
    </hudson.plugins.disk__usage.DiskUsageBuildInformation>
  </buildDiskUsage>
  <allBuildsLoaded>false</allBuildsLoaded>
</hudson.plugins.disk__usage.ProjectDiskUsage>