<?xml version='1.0' encoding='UTF-8'?>
<hudson.plugins.disk__usage.ProjectDiskUsage plugin="disk-usage@0.28">
  <diskUsageWithoutBuilds>11505</diskUsageWithoutBuilds>
  <slaveWorkspacesUsage class="concurrent-hash-map">
    <entry>
      <string></string>
      <concurrent-hash-map>
        <entry>
          <string>/var/lib/jenkins/workspace/wplex-garagem-mvn-artifactory</string>
          <long>87468045</long>
        </entry>
      </concurrent-hash-map>
    </entry>
  </slaveWorkspacesUsage>
  <buildDiskUsage class="java.util.concurrent.CopyOnWriteArraySet">
    <hudson.plugins.disk__usage.DiskUsageBuildInformation>
      <id>51</id>
      <timestamp>1510255934408</timestamp>
      <number>51</number>
      <size>39931080</size>
    </hudson.plugins.disk__usage.DiskUsageBuildInformation>
    <hudson.plugins.disk__usage.DiskUsageBuildInformation>
      <id>50</id>
      <timestamp>1510248138392</timestamp>
      <number>50</number>
      <size>39929046</size>
    </hudson.plugins.disk__usage.DiskUsageBuildInformation>
    <hudson.plugins.disk__usage.DiskUsageBuildInformation>
      <id>49</id>
      <timestamp>1510247882168</timestamp>
      <number>49</number>
      <size>39929038</size>
    </hudson.plugins.disk__usage.DiskUsageBuildInformation>
    <hudson.plugins.disk__usage.DiskUsageBuildInformation>
      <id>48</id>
      <timestamp>1510247644665</timestamp>
      <number>48</number>
      <size>39931507</size>
    </hudson.plugins.disk__usage.DiskUsageBuildInformation>
    <hudson.plugins.disk__usage.DiskUsageBuildInformation>
      <id>47</id>
      <timestamp>1510169506651</timestamp>
      <number>47</number>
      <size>39927234</size>
    </hudson.plugins.disk__usage.DiskUsageBuildInformation>
    <hudson.plugins.disk__usage.DiskUsageBuildInformation>
      <id>46</id>
      <timestamp>1510080242730</timestamp>
      <number>46</number>
      <size>39927652</size>
    </hudson.plugins.disk__usage.DiskUsageBuildInformation>
    <hudson.plugins.disk__usage.DiskUsageBuildInformation>
      <id>45</id>
      <timestamp>1510072488817</timestamp>
      <number>45</number>
      <size>39926397</size>
    </hudson.plugins.disk__usage.DiskUsageBuildInformation>
    <hudson.plugins.disk__usage.DiskUsageBuildInformation>
      <id>44</id>
      <timestamp>1510072375379</timestamp>
      <number>44</number>
      <size>39926371</size>
    </hudson.plugins.disk__usage.DiskUsageBuildInformation>
    <hudson.plugins.disk__usage.DiskUsageBuildInformation>
      <id>43</id>
      <timestamp>1510072192858</timestamp>
      <number>43</number>
      <size>39927743</size>
    </hudson.plugins.disk__usage.DiskUsageBuildInformation>
    <hudson.plugins.disk__usage.DiskUsageBuildInformation>
      <id>42</id>
      <timestamp>1510063453695</timestamp>
      <number>42</number>
      <size>39926427</size>
    </hudson.plugins.disk__usage.DiskUsageBuildInformation>
    <hudson.plugins.disk__usage.DiskUsageBuildInformation>
      <id>41</id>
      <timestamp>1510063128559</timestamp>
      <number>41</number>
      <size>39926460</size>
    </hudson.plugins.disk__usage.DiskUsageBuildInformation>
    <hudson.plugins.disk__usage.DiskUsageBuildInformation>
      <id>40</id>
      <timestamp>1510063002289</timestamp>
      <number>40</number>
      <size>39926440</size>
    </hudson.plugins.disk__usage.DiskUsageBuildInformation>
    <hudson.plugins.disk__usage.DiskUsageBuildInformation>
      <id>39</id>
      <timestamp>1510062633763</timestamp>
      <number>39</number>
      <size>39926471</size>
    </hudson.plugins.disk__usage.DiskUsageBuildInformation>
    <hudson.plugins.disk__usage.DiskUsageBuildInformation>
      <id>38</id>
      <timestamp>1510061354561</timestamp>
      <number>38</number>
      <size>39926527</size>
    </hudson.plugins.disk__usage.DiskUsageBuildInformation>
    <hudson.plugins.disk__usage.DiskUsageBuildInformation>
      <id>37</id>
      <timestamp>1510060369740</timestamp>
      <number>37</number>
      <size>39926457</size>
    </hudson.plugins.disk__usage.DiskUsageBuildInformation>
  </buildDiskUsage>
  <allBuildsLoaded>true</allBuildsLoaded>
</hudson.plugins.disk__usage.ProjectDiskUsage>