<?xml version='1.0' encoding='UTF-8'?>
<hudson.plugins.disk__usage.DiskUsageProjectActionFactory_-DescriptorImpl plugin="disk-usage@0.28">
  <countIntervalBuilds>0 */6 * * *</countIntervalBuilds>
  <calculationBuilds>true</calculationBuilds>
  <countIntervalJobs>0 */6 * * *</countIntervalJobs>
  <calculationJobs>true</calculationJobs>
  <countIntervalWorkspace>0 */6 * * *</countIntervalWorkspace>
  <calculationWorkspace>true</calculationWorkspace>
  <checkWorkspaceOnSlave>false</checkWorkspaceOnSlave>
  <email>ryan.padilha@wplex.com.br</email>
  <showFreeSpaceForJobDirectory>true</showFreeSpaceForJobDirectory>
  <excludedJobs/>
  <diskUsageBuilds>0</diskUsageBuilds>
  <diskUsageJobsWithoutBuilds>0</diskUsageJobsWithoutBuilds>
  <diskUsageWorkspaces>0</diskUsageWorkspaces>
  <diskUsageLockedBuilds>0</diskUsageLockedBuilds>
  <showGraph>true</showGraph>
  <historyLength>183</historyLength>
  <history class="hudson.plugins.disk_usage.DiskUsageProjectActionFactory$DescriptorImpl$1" serialization="custom">
    <unserializable-parents/>
    <linked-list>
      <default/>
      <int>2</int>
      <hudson.plugins.disk__usage.DiskUsageOvearallGraphGenerator_-DiskUsageRecord>
        <buildUsage>439383088</buildUsage>
        <wsUsage>259822840</wsUsage>
        <date class="hudson.plugins.disk_usage.DiskUsageOvearallGraphGenerator$DiskUsageRecord$1" serialization="custom">
          <date>
            <long>1510086901851</long>
          </date>
          <hudson.plugins.disk__usage.DiskUsageOvearallGraphGenerator_-DiskUsageRecord_-1>
            <default>
              <outer-class reference="../../../.."/>
            </default>
          </hudson.plugins.disk__usage.DiskUsageOvearallGraphGenerator_-DiskUsageRecord_-1>
        </date>
        <jobsWithoutBuildsUsage>0</jobsWithoutBuildsUsage>
        <allSpace>32375570432</allSpace>
        <diskUsageNonSlaveWorkspaces>0</diskUsageNonSlaveWorkspaces>
      </hudson.plugins.disk__usage.DiskUsageOvearallGraphGenerator_-DiskUsageRecord>
      <hudson.plugins.disk__usage.DiskUsageOvearallGraphGenerator_-DiskUsageRecord>
        <buildUsage>494517015</buildUsage>
        <wsUsage>259926835</wsUsage>
        <date class="hudson.plugins.disk_usage.DiskUsageOvearallGraphGenerator$DiskUsageRecord$1" serialization="custom">
          <date>
            <long>1510219382003</long>
          </date>
          <hudson.plugins.disk__usage.DiskUsageOvearallGraphGenerator_-DiskUsageRecord_-1>
            <default>
              <outer-class reference="../../../.."/>
            </default>
          </hudson.plugins.disk__usage.DiskUsageOvearallGraphGenerator_-DiskUsageRecord_-1>
        </date>
        <jobsWithoutBuildsUsage>0</jobsWithoutBuildsUsage>
        <allSpace>32375570432</allSpace>
        <diskUsageNonSlaveWorkspaces>0</diskUsageNonSlaveWorkspaces>
      </hudson.plugins.disk__usage.DiskUsageOvearallGraphGenerator_-DiskUsageRecord>
    </linked-list>
    <hudson.plugins.disk__usage.DiskUsageProjectActionFactory_-DescriptorImpl_-1>
      <default>
        <outer-class reference="../../../.."/>
      </default>
    </hudson.plugins.disk__usage.DiskUsageProjectActionFactory_-DescriptorImpl_-1>
  </history>
  <timeoutWorkspace>5</timeoutWorkspace>
</hudson.plugins.disk__usage.DiskUsageProjectActionFactory_-DescriptorImpl>