<?xml version='1.0' encoding='UTF-8'?>
<com.cloudbees.jenkins.plugins.bitbucket.endpoints.BitbucketEndpointConfiguration plugin="cloudbees-bitbucket-branch-source@2.2.7">
  <endpoints>
    <com.cloudbees.jenkins.plugins.bitbucket.endpoints.BitbucketCloudEndpoint>
      <manageHooks>false</manageHooks>
    </com.cloudbees.jenkins.plugins.bitbucket.endpoints.BitbucketCloudEndpoint>
    <com.cloudbees.jenkins.plugins.bitbucket.endpoints.BitbucketServerEndpoint>
      <manageHooks>false</manageHooks>
      <displayName>Bitbucket-WPLEX</displayName>
      <serverUrl>http://192.168.3.2:7990</serverUrl>
    </com.cloudbees.jenkins.plugins.bitbucket.endpoints.BitbucketServerEndpoint>
  </endpoints>
</com.cloudbees.jenkins.plugins.bitbucket.endpoints.BitbucketEndpointConfiguration>