<?xml version='1.0' encoding='UTF-8'?>
<org.jfrog.hudson.ArtifactoryBuilder_-DescriptorImpl plugin="artifactory@2.13.1">
  <useCredentialsPlugin>false</useCredentialsPlugin>
  <artifactoryServers>
    <org.jfrog.hudson.ArtifactoryServer>
      <url>http://192.168.2.66:8081/artifactory</url>
      <id>Artifactory CI</id>
      <timeout>300</timeout>
      <bypassProxy>false</bypassProxy>
      <connectionRetry>3</connectionRetry>
      <deployerCredentialsConfig>
        <credentials>
          <username>admin</username>
          <password>ZGV2b3Bz</password>
        </credentials>
        <credentialsId></credentialsId>
        <overridingCredentials>false</overridingCredentials>
        <ignoreCredentialPluginDisabled>false</ignoreCredentialPluginDisabled>
      </deployerCredentialsConfig>
    </org.jfrog.hudson.ArtifactoryServer>
  </artifactoryServers>
  <pushToBintrayEnabled>true</pushToBintrayEnabled>
  <buildInfoProxyEnabled>false</buildInfoProxyEnabled>
  <buildInfoProxyPort>0</buildInfoProxyPort>
  <buildInfoProxyCertPublic>/var/lib/jenkins/secrets/jfrog/certs/jfrog.proxy.crt</buildInfoProxyCertPublic>
  <buildInfoProxyCertPrivate>/var/lib/jenkins/secrets/jfrog/certs/jfrog.proxy.key</buildInfoProxyCertPrivate>
</org.jfrog.hudson.ArtifactoryBuilder_-DescriptorImpl>